Engine_Temperature,Engine_RPM,Coolant_Temperature,Oil_Level,Battery_Voltage,Mileage,Tire_Pressure,Fuel_Pressure,penalty,RUL_Hours,temp_anomaly
84.9214395745511,2908.1456892931087,79.59474916817605,86.17872538114773,11.877787592422187,104124.21562536906,983.5893670461652,39.22035626578595,1.0716241424955357,884.6397867534142,0
103.9376809486121,2032.9845847777065,92.49941958399293,70.43098280613204,12.441966690193192,213346.30160147024,944.6676306390646,57.09404228068992,9.365236905517794,206.89461064281969,1
87.3892607546428,2066.4961618021716,76.24024428678074,67.52924877373796,13.254201858209164,129921.03177128949,1088.337360078746,46.785538448038324,0.0,447.5684642317179,0
80.41007348650388,2944.6906976287837,66.1979984489235,55.84106398707616,12.019649760570102,243594.07395671227,905.9526730284343,59.493983406116854,0.5819260056056257,403.2941465216632,0
85.59923550224265,2023.3542119557794,72.29912490340976,81.2725620969211,12.553587499912519,197422.23972243693,1024.7727711129785,52.4855927241353,0.0,135.31703671810678,0
97.15974063348794,3248.790382825251,83.82795747581248,71.34779796158098,13.068427942290942,152883.74879907473,971.2207614652434,51.61131593698632,8.067449918430116,1191.7033068829367,1
82.5125265659324,2715.2163410345615,75.78060443749997,68.12248067981564,12.202481179027203,170331.25515581813,1010.0703269137886,42.088931230592515,0.11670492185072079,132.36508477204984,0
78.11669002998362,2540.0596247286276,72.01794401794963,84.22284395283819,12.175462997969367,136456.18259621545,949.0166524373681,33.92915012025769,0.5576647108275177,382.7798739131207,0
91.14652299209348,1928.6816352568046,79.45666213615449,76.73607332104248,12.81138468498979,116518.92556378763,927.6514079896428,41.682091935905206,0.0,483.4400474041673,0
79.59271578309199,1974.9369497951068,67.75217911512098,82.52320568216467,12.509731241652693,69327.34648140211,907.2680108367281,55.713624711171555,1.0902585541168603,771.9026353209442,0
96.67383625011274,2168.6266394999884,91.00681572277142,64.54456936562742,11.719368242405636,231290.0235524637,1023.09096245345,46.67796691933896,5.614476037603096,760.0408620168458,1
105.70491259136675,2759.153232112506,97.1149001255892,79.42355393648796,13.686381073928075,91830.61574917851,959.7545310210483,56.618404849653146,9.56710356732492,224.81072156836976,1
83.75495125688792,2381.7294543371863,73.07461127869666,76.64066880938806,12.015811170272617,155765.3689266414,971.5699611955782,59.451659730593946,0.38162415977931974,318.6595027134133,0
89.53247675319612,3020.8624953035724,82.50140615330112,60.85170400896483,13.262419007894229,122605.0754505167,1047.8622028675827,52.52097612474058,0.0,860.9185160404871,0
105.13328027664826,2864.3576137592054,98.84239329311303,65.85642909882935,12.82558976697607,246759.8090279244,953.0445994764569,48.63790816817571,8.170975861807932,757.8635961762392,1
91.21682535638953,2622.456486401593,83.26102175262655,62.485231045690774,12.168207108526726,199969.098523131,942.6848310148675,37.08087154480539,0.0,850.5947840690679,0
81.0067870833128,1969.7748531059049,75.12575265072155,77.5792724873046,11.92577839018473,188869.06199193228,968.1360723689509,45.985376279729365,0.14079930861677825,192.3050039518591,0
87.57301623614298,2013.7942694651545,74.56915841436216,67.0696585729827,12.915902323242534,88978.86760561715,988.1398524619381,40.12286759884563,0.0,278.5454404639289,0
101.67368778966771,1977.5789539243183,96.0531535824022,81.37172968599987,13.169671407104497,108793.97032216203,921.5807327659675,44.34341510871508,5.460702985044337,948.8703700702958,1
82.77109648099017,2173.081035699057,69.7252120680374,85.29485239876527,11.910985953091828,241169.7900180577,907.5927622378998,33.074976869003535,1.4760331401558509,1114.972318883264,0
95.41522545892434,3158.8622014322436,85.25686034064557,80.16421622401548,11.966265550476612,108606.08833291192,934.6232162151072,52.71007625791796,6.331006344993257,166.82189655945572,1
95.95720787175043,2470.594765585279,85.63952147978381,61.25208386168405,12.901326840231738,77825.01290803726,1068.7275993605317,59.55403720823297,8.038279301936191,102.05150191350486,1
91.44645983023838,1957.6808067421196,81.95741471567008,84.46826289377468,13.33685580989317,76771.59443780292,1080.1141582553473,43.350207483426686,0.0,1226.3993429406307,0
103.89242736785255,2528.2300321310695,90.04092951286674,82.2955273279234,12.483960846995156,125730.86061381463,942.934022156601,44.62486313902836,6.105165076531678,838.5586809837456,1
105.04809851371968,2950.760513975544,95.0540745122426,71.5813160744665,11.762206943759102,69145.32596070203,986.5355511958401,36.6561349023924,5.290440647385724,1144.187678732251,1
78.9261939782277,3023.172603052938,70.37535210169095,64.8627353669779,12.827129114351475,214618.3057182032,1093.32936058531,49.08597246715324,1.4685587857053368,1264.0223036974555,0
81.24969787134484,2328.7017302452005,73.6945326145148,55.396925069144565,12.968293225636764,192559.57060288618,1009.768810946658,42.82145198761706,1.8126172259518818,627.754118876081,0
99.87843285149341,2165.070358237487,89.48663506985328,77.53708262712219,13.274555767880887,164142.3753075356,913.7815852596084,37.18221304016865,5.1614869734443545,466.35016551826277,1
82.36128684083407,2421.89178971706,76.5441722151308,87.92352232991655,11.938399413664607,232479.2137094921,1094.546877204387,41.226557852481314,0.4862313041789488,681.1547164759907,0
98.638949068154,2550.6020398666633,91.53423238207732,65.47832416553995,12.161516282039864,163402.91378545613,943.9641455870676,40.907991386828506,6.6718750802077365,1009.8564371247313,1
93.77128742151548,1905.0064500094988,83.0819083822034,61.14531715941351,12.659193904603935,87595.20418525446,1088.6234116944595,56.550320107603945,0.0,108.36598784326883,0
82.25014677316761,3191.5935515286674,71.45479776432249,58.76187042367429,13.402612406200783,171246.16682888177,999.0258100916539,59.74087402095107,0.8959569192498822,492.8818940220126,0
102.6976145890427,2282.7425831344667,90.62771602810783,81.3362412538184,12.12643475726214,198481.07537959117,1005.8954005497251,55.484600085638306,4.605349971334805,572.9251829242766,1
103.65621720163809,3121.3789390138127,98.04859076394249,59.35925458519466,12.033520681668735,205216.11180938594,1030.867004446613,34.835853465356955,7.071420163951675,386.92669057396563,1
82.1021712770723,2216.276847289758,73.85353663012228,76.44746006273921,12.166516478874591,247615.9801715209,972.7468174404867,55.24276901677179,1.357323411201288,635.7883674018401,0
86.93659827165062,2177.9576801882044,80.24511305350227,79.06343001229058,12.057881880702206,158779.91055168412,931.8519071360139,41.94393133689565,0.0,335.12864755111525,0
104.6655475801501,2180.857999604029,94.33416652268644,76.77479245152779,12.82543994353706,208048.06048707766,1050.8405699027724,35.13801243862742,7.815778559061962,544.4393434715361,1
82.15519728412276,3228.204369273729,71.99635558951853,61.083398508831664,11.698277717162318,98345.09036512687,998.3725962280942,47.10049899172819,1.0861400630383982,988.1239109911451,0
98.9216950317133,1973.6207569923022,88.04202713017165,55.93789669007999,11.559817823556271,206036.61638365756,973.8950636525891,48.075105220406286,7.625690844546013,1074.528217466228,1
104.97523497960043,2493.931548526161,97.71062111745589,60.831879387389975,13.493423496542912,136034.09832438448,997.6746735553955,47.55760068793059,5.878572587922957,316.3189484853027,1
84.02884945410476,3056.495997949409,70.41406660674478,86.38209431941759,12.02303452841766,61352.74674339761,939.7581012174855,47.08330013201484,1.7609662621138216,1230.7541149641388,0
100.81350571394026,2422.0436249801223,86.94183375828759,79.11399205689533,11.660080273459394,152650.5790515409,1098.4252160432513,43.689720352006034,6.783069700949963,264.03142073170534,1
91.14182213330172,1924.283118840625,79.50789862373387,57.5927607366287,12.691793741283014,103011.10156815889,982.5031586491752,45.05298076815377,0.0,958.3345710387683,0
79.88613434273952,2186.024844720428,71.40276011342732,78.12064210238012,12.629050246043603,131327.10787729404,1043.2731952552026,41.74083643758167,0.5659963495626261,623.7176884263345,0
83.6698610171479,2490.5256319180094,71.76206681533094,65.02725788003319,12.783787326021178,218544.28825709436,927.6202565001902,56.55179521076184,1.906246028508753,979.2947361657971,0
93.20245567862106,2837.554334420537,78.26263789112208,85.83790276569663,13.11397235695126,150483.946248555,1077.7371515444893,53.205937950245826,0.0,304.53746192125163,0
86.2932920399857,3260.28605722913,77.82865399069097,66.1618524294005,12.90168220300928,76336.39865178148,948.0622208048164,53.56257356580484,0.0,1271.0299126532234,0
101.54308681291165,3038.954889935728,89.70655420923251,68.76404529967769,13.627278024900894,129306.7377372028,1051.9067852998435,33.01457120406824,3.0959026867529214,1128.4473575525005,1
79.95879479038892,1979.1532502898563,67.66362169643917,84.76411257646586,13.327349819535494,62832.214876381455,945.7740498532412,54.732728365359335,1.7411798624322983,1019.6302631900263,0
86.70800516773134,2941.510426697947,78.87793056088546,85.47711304477957,12.907655926983088,182428.64750544814,998.5352583549826,30.952154634559605,0.0,354.712246593127,0
83.35879476960434,3240.5505368967674,76.86656397179529,81.13226854327084,12.510890757695027,229095.45370104685,1072.181535724369,58.205609170129314,0.6712498600298269,685.7145419883212,0
81.44080951849229,2693.2201718825354,67.6215593348591,82.46115230480657,13.429820274809385,94175.8916016478,1023.2276771022215,40.61503075665147,0.3256888678830312,178.24092337436247,0
98.49474125257629,3048.795131031512,90.74962350402488,67.59107096286593,12.754126387991006,122018.17946658422,985.202070429455,54.54322179074363,5.67067805684685,1211.037387781701,1
105.52063791366209,2881.804690567593,99.26109554556595,68.58769799532116,12.540869223733377,169154.8449186954,1039.6466212748226,52.034016591543136,4.919560052630397,535.9562829975907,1
98.71497322902381,2001.0422410466313,88.53531733045577,62.69080260356149,11.991228322124597,143986.12294529594,951.029749851221,47.46005348360658,3.524526394978106,670.086364718116,1
78.34667150658535,2890.8258280668597,67.91848105369827,77.25034322174534,12.936707588671435,160029.8705460987,1019.146027119621,34.2724834260366,1.6427888616217594,637.7836752195385,0
79.48235126636303,3177.9489735606303,73.80295557274849,73.47276257222879,13.275715634201969,190585.02961897117,957.3478505485913,55.00915870072291,0.03554513923009517,635.632247086143,0
104.26617766585487,3156.466970179966,94.31910685501262,61.01215701257665,12.028167211952406,158106.43373112986,1097.685383389523,58.750821216322194,7.146617997647023,908.9188346230463,1
95.27157698254028,2952.336155454146,84.00098922244197,60.401270107038215,13.491388315096316,75363.04845811764,1041.0942801633296,46.33776261840719,9.877432094807459,553.4196251569174,1
101.74733916881051,2142.225072688865,91.24157984559396,65.17134546632145,13.58251311374944,125146.33274351161,1036.0925423560798,48.369941524417044,4.099775142779306,133.790072069481,1
94.16033358110353,3125.330578060201,84.46111847310327,56.96011073546855,11.601897467607177,107858.43872398985,1048.1152772292412,34.82904092060168,0.0,883.694185056843,0
97.03123947480154,2921.2997201322314,85.48510901370209,76.17863841466595,13.61520696668383,114971.46669451636,978.7227886350264,32.63825430571799,8.6939873330845,915.6557826796275,1
80.9240482819388,2266.984099552366,75.74564130941093,84.87433434458089,12.276111804747117,195792.43931481097,913.2536046317548,37.047558281856226,0.1440531541264356,578.760125275141,0
90.25038343946193,2999.4218720064046,80.91202990268242,87.47637423460972,11.669559258231661,168007.50675462963,914.4003604513107,49.09294584770076,0.0,1111.0930295351518,0
97.37774587050616,3104.4341425141033,91.08134445711937,56.2688785349916,11.528489744959673,118014.69540708623,1054.77622055322,31.157023564601168,9.029179232296816,919.879387037993,1
87.66264410158183,2894.8539596483206,73.8952234318921,60.82096594204651,12.585844593176486,114581.22797961254,1081.4774012344783,37.66560745107525,0.0,565.8471236698956,0
87.60043424388532,2041.729079024033,77.98378275054006,76.77284110410389,12.288444869937754,72472.76594636848,933.5323634991194,49.03051798348321,0.0,1005.2292308818052,0
90.57810145158743,2288.3058840737194,83.39423969273739,87.94035065781065,12.493668643527508,74850.2261330859,939.1936373947586,51.686344197065054,0.0,980.0594251747372,0
96.99415717053645,2457.796933774729,82.55194291201475,71.85932077929866,11.641895083217108,101062.38802291022,1078.5489703811404,36.499146884842595,7.40294700253071,1232.2570395822459,1
84.35665400270406,2913.517128582146,73.75980202041623,72.43897982311707,12.491413518570935,216634.24349485058,939.2333415267941,37.579626360504776,0.9864948499258273,466.6891613571,0
78.50118892461944,2296.576276692552,70.21251445566757,84.81615496626762,12.010083536751225,76291.76095956923,1099.3129569716527,34.95059737087838,1.8805802984485278,1123.1435947063267,0
103.3276932996836,2960.865004067983,93.94479822981631,73.69296150373556,13.206635589105812,150530.05236568762,921.5294927822601,41.87649744123884,6.315552179832133,1278.0133411638553,1
105.19144057782474,1927.6279276768482,97.17666399761555,75.3947233345934,11.828712703983264,166631.4351670177,959.7518813710325,30.51764087194104,7.755869922682649,921.5015670983382,1
80.7698460620636,2324.5206135123444,68.48108239051055,79.23304973527995,11.631474626558207,98359.52670830865,990.064899537661,32.01972695718567,1.14295191352465,851.8031692153816,0
87.53051769336948,2586.9239161735995,73.56332565766908,65.37500193263429,12.627182983606515,132112.28851443308,1012.4848175235966,40.71129374659632,0.0,237.1564837259267,0
84.75258975418697,3173.7948422674745,73.69161724080918,85.65612565880691,12.751720864967355,157968.95525208022,1010.1585975425377,32.55290549685918,0.4116112978299242,759.1982033870722,0
103.15987863195036,2960.238317942061,98.10129642001175,57.5446584625901,12.781568849621252,197781.35642937594,1064.28344828491,56.07675279545803,4.462912289244244,149.00474889245442,1
105.1211735818543,2761.169060126099,95.28434217391255,74.45974984119508,13.264053553344121,223002.65467791577,1039.742077067692,35.83394116083715,3.106815846115336,681.4337714522362,1
81.6687654068574,2407.616764477173,73.99273787829387,86.62953277409629,13.47874746115324,113611.75184148137,943.2973890308565,46.834712532411885,0.08321333094858563,1256.4403493311338,0
78.87529866212537,2564.8144934340726,68.33835619528826,66.26445625726213,12.713728939813624,112289.9104325508,976.4723211964132,55.53268623222033,0.8353279621884457,1253.367334717989,0
93.0309454829781,2534.930907942349,81.89743506312627,78.26791323438275,13.441235253856256,234621.81725792628,985.875573963769,59.41082077839735,0.0,594.4197889047616,0
96.42221622898649,3229.554479537173,84.8706634892348,63.50143687219717,11.986590604115786,165000.62276640715,931.0301271871084,31.35174347906768,9.996696620032077,1171.4525230847235,1
97.28434468662618,2172.490421456457,83.04579666615074,75.25909016076974,11.708670869047587,83707.33445478044,942.9103683481524,48.49938883282252,7.486025219433161,363.6447125072339,1
79.61927867729544,2215.556971089931,66.79372204065895,71.90293144631258,11.827754952676159,126965.34248424512,1095.49644218488,37.08405814019522,0.14438238173554563,231.99483720636204,0
83.74782154782656,2957.89613953915,70.19606058644416,83.76408766561352,12.13084270586841,93047.16151736844,1021.5868524073642,44.60814348603006,0.8080921090308275,467.06836771280234,0
90.75099292215273,2622.120656641055,84.32647014402271,61.816859036772925,12.656299350071363,241427.2352150377,923.8611041173981,36.539134344737725,0.0,1004.5982823258681,0
94.94799831043065,2204.3487470441655,80.71035873597052,83.88384332548264,13.459061419754994,93664.74799818854,928.1616898961639,42.30948773617405,0.0,1173.115231951977,0
105.68561956900511,3001.7451814814603,91.2325762259737,73.45645935340241,11.804825958093161,249179.2182665305,912.0339474276784,43.16183147372208,7.744390803351688,184.44175174549895,1
79.97464996250791,2703.397025173043,67.92917223993393,74.58425564060562,12.991219631042634,185995.69396869116,971.3048624816356,34.58183946112166,0.030106544918237832,323.03908164981897,0
88.56188883167236,2174.339163738545,77.86347250859357,74.73379312745064,11.940741154256244,97284.09776235835,1039.9463180584191,46.699500337072365,0.0,347.44273618159013,0
90.8047265209454,2646.8567831906425,81.9180145030352,55.97408895038062,12.031796153881833,249624.64063217764,961.7784422562082,42.188639415327344,0.0,769.9965623647272,0
92.90960931955061,2421.9556616821747,79.43411362655688,76.03066552423559,12.721730668654336,145875.9094302744,968.4993311229148,56.074298544867666,0.0,273.4192457352545,0
98.48013924935437,2635.0095439972997,83.57815531243801,79.94519453615607,12.853869639869592,125342.10824103345,1050.12863007252,57.559788074221544,9.623877467671493,348.3266195848523,1
83.33694987755919,1967.71948157631,72.02978814423159,77.4236653753593,13.543616285833966,62773.545446608696,947.2793088589605,49.20400040306445,1.7739505513067104,221.17180012045208,0
103.32484516061967,2316.196702656107,94.77847384373325,65.23448664159932,11.815870141704025,75270.42196927991,936.3233321513551,32.087708857419074,6.6884672387741375,783.8415437510602,1
98.65139906537041,2792.098851366085,90.06995881927281,72.66601370776894,13.627466410513952,195177.55032646167,1068.5621429764335,30.728163889985975,9.520528270899787,684.035686754838,1
84.84138653994007,3220.2450046240747,71.66638247584024,71.37838293788447,12.07472167560739,93362.32691656172,1052.2880893125296,38.423226727987675,0.7346832011221438,200.3479245825876,0
99.25735551959067,2366.081483835904,86.23086655223811,81.79748908759959,13.330197312072896,208082.74788523966,1066.572931560783,49.19567611609803,5.318542376036333,232.5941987654725,1
79.7596890846786,2734.4496677355232,73.99551921738077,86.0620554860953,12.158594792795174,223912.58581345674,984.4372174159379,48.380480367564154,1.5875436801077631,713.2583483981587,0
103.9188627713914,2693.9506468007357,92.11042657402199,65.8399440598958,11.704859262274002,231803.15391000384,1030.582860716104,44.24434937226381,8.569264097587608,797.3739972906305,1
91.89901550850614,1935.6894147198693,86.36633488359638,74.61162418892948,12.46206624245801,148143.33010037662,1043.930587272663,53.211728372230084,0.0,1268.4704280130863,0
93.85970676029054,2652.9161628637053,88.79734730242382,87.89495880064166,11.817051590572262,81458.94335333988,1056.3926756308176,59.287594418845266,0.0,203.42665047277308,0
81.88692820428922,1981.5951778653032,70.8706286487017,65.03976150526717,12.05089898344676,95383.91939644616,1074.0088142697045,58.10385681539043,0.29532716219090926,396.8441941216658,0
86.05151009604292,2816.3633870836243,73.797796631094,87.34057160093282,12.293418546266658,168955.16011666245,1015.7287525278047,56.619449631153586,0.0,567.0108761099718,0
78.41730432959147,2331.706185726049,68.74707138139051,62.63333539917371,11.764822797897683,159123.82631728545,1085.0417968043118,30.261887289918292,1.8120114436758668,1131.6856713524705,0
91.10513814696523,1997.2232275498325,77.29384374857034,78.6348523958745,12.737945372968857,170215.60216823523,931.8680689830749,37.85665692254152,0.0,1157.6720369199056,0
94.00262612363687,2016.7719082203655,85.94699954200073,87.90961828367755,12.979034746671818,232172.94769882935,1058.6919919575394,37.376051092930744,0.0,1029.8775640205108,0
104.56114843351914,2132.2706823013987,97.95261597345431,56.51181125170264,13.131978703227286,158607.78752606385,1074.4636115161538,56.16167105296982,6.472257318157462,729.5814903406862,1
90.02531234409626,2693.9184708260755,83.624139889289,71.92368282565747,12.826635621088979,72661.30376946968,950.9861119035761,46.04359982746258,0.0,1126.3881202085847,0
93.24245263091306,2469.7701349886856,81.86106515926483,75.94938178266439,11.741097113794877,183461.34931205964,1007.1032618563152,42.233936175549296,0.0,1229.100963506807,0
91.47009762048587,2737.8381582639263,80.39066187089584,60.85255595857154,12.679045591867556,225208.32057804437,941.2520487351579,44.140182087073995,0.0,1189.2650123365381,0
83.7531635814012,2541.238940810582,72.02296274265754,84.77810104847661,12.909161617350701,173573.8944639492,1082.8544551194243,33.42662446685306,1.4212286154818239,151.643495043964,0
91.4018383260437,2564.897155756546,83.21549308480047,87.87149770561217,13.163659950215148,131069.19888162753,908.6404577855504,38.173912068001115,0.0,701.7104093003684,0
103.57415260522504,3089.4901652895596,89.76810409317373,55.260483940349836,12.93721377690298,166100.13915495237,992.8102301395738,30.385997321611015,5.601951143512137,1056.5911299941233,1
84.27390292760909,2724.912598620002,78.83900092111072,83.84637740326042,12.800396186474336,205395.6437664695,1078.4626381843063,55.91194880188635,0.03594702568239372,460.558947927426,0
90.02915478031207,3136.658082626149,76.49546865924188,66.40741507737042,12.703172606804541,85957.59081630045,930.4630934428093,57.3485330198286,0.0,149.34499793632762,0
96.44480739711268,2361.359645068226,90.6414178128677,60.20417919401714,12.520580650476596,65135.67614881809,1073.928915917097,44.41086281755453,4.162660993639566,1084.55246774566,1
99.94099927417493,3115.396596074679,93.52110720186366,62.57271165118528,13.355382982588683,170447.31768530584,977.4722040363133,32.67861928121044,7.0372831441851345,858.6334027181725,1
82.92785764475482,2508.5132711851656,70.47819986735281,55.69533264335897,13.422049094735737,217432.13476977675,1077.9619146217706,31.121582844550982,0.19994535296915705,637.7314444015277,0
97.77292749682502,2695.93381517941,89.2139809889992,86.51311882027215,12.287908998126046,204945.73189792046,1011.4483126871039,47.37086310166323,5.872458874691908,567.5187784022621,1
88.28684901092554,2368.4921483964363,79.41045237929893,68.65147351441405,12.045690898502816,71209.4918131628,943.8168664405407,57.113597437995764,0.0,812.5535157743951,0
88.11543381281504,2508.256663320058,79.35774682292175,59.163299006164905,12.327630660969238,138278.44776165328,1028.7208338803268,47.91938325295898,0.0,844.0597972876582,0
79.40127132199206,1903.7435347942928,68.25319491236351,69.50422878002888,12.711988065624132,206844.98355048298,1031.541235211078,39.026357198537646,1.57522780324775,319.6001744851052,0
94.18132174027659,3188.964056543776,85.22220004226291,86.92621369254262,12.962167039664244,249818.17407882828,1004.8185936992166,59.2070014076386,0.0,999.1664886749311,0
94.17861014813872,2150.5653068413785,84.65674748598802,61.70109274070366,13.044687975149413,146601.20756870625,1034.746548957192,55.43987690936676,0.0,1254.1612357888785,0
83.32717825331396,2993.321523727139,74.85857878646877,87.57018260159776,13.168710772073656,90148.1011329157,963.3184853200737,51.67861239338175,0.7968214921325785,541.7147666349006,0
103.19752941508412,2534.392651358361,95.133027200414,64.35352360617648,12.998208897101286,106442.81850321668,956.2783170032886,56.61895398968103,8.37403844695022,774.3886030222176,1
79.75989106252803,3214.461126235273,64.85609323931611,75.04987414598551,12.96833930772527,223007.3519406921,1065.688323096028,42.59553647230298,0.5630994064952122,741.5861252289594,0
87.24162330567643,3023.330020268101,73.4415497696139,58.69886009713992,11.787123247948024,72273.73135800267,990.0692798026203,40.94452027740678,0.0,208.91328525581426,0
104.63219180099242,1969.1958761728986,99.24131383100939,66.15542972259217,11.76515313340734,131981.1310866542,1025.5832294128616,40.7934465345034,3.3608586291867346,791.4763440697385,1
103.82753219985443,2270.571753189243,93.32361018007013,73.42077388536163,11.90364302125738,98039.45836914066,1067.8167454978907,44.845446583131846,5.659293271509682,109.01101140694274,1
99.52887348554759,2891.6746238062915,91.1268866442262,72.38510993749192,11.850534155414747,152833.9433462965,1044.4673758972274,35.03782324131553,9.00099034254179,665.512527515564,1
103.29057972269746,3023.1133915807704,95.0146235129241,81.47621107618428,12.366266200995172,120294.79135291101,1093.0322989548588,39.99539944685626,4.3174901199414135,926.0694783589,1
84.88817897304014,2043.3739092674525,78.72056238490036,78.4647318789753,12.780487462733099,173161.8600474398,1006.7717598252858,51.55911700294324,1.0380081934069394,634.1231846954819,0
105.36607058865076,2127.7499264985963,96.25305162454147,62.6217700595986,13.0459460640096,115753.28107741196,1049.1638275427458,31.809314731207973,8.471253395721671,1192.652900382286,1
93.93634180624515,2922.8663501742817,82.35516460367482,87.57681191467466,12.489593739263878,165768.82873585616,928.5779232950102,34.81330008892579,0.0,787.7925573052432,0
79.8675878817391,2093.5864687474486,71.24128563027475,83.64393053477778,13.62756556592221,97492.94764106543,1020.0611326786468,51.22794016347315,1.6092869365829783,163.49747467078578,0
95.45212854040724,2482.2778178476715,87.30048378919186,76.9836207551636,13.592444354481074,159279.0565128405,1079.4716174675605,48.63827931361659,3.7226203769139685,146.8628593225597,1
105.32903745591,3064.6202816381624,94.1446256108373,60.83925095825635,11.979002809793242,64388.028855403645,1057.798749459297,35.89829473655215,9.939553833611978,658.0521983407051,1
88.06284389944373,2396.3463745714835,82.46581232100625,58.12877129038941,13.590317933071551,109308.76374800014,938.6619038574468,53.85844095324518,0.0,1012.67766584604,0
92.47840518622897,2544.6662940369106,77.5810045217639,65.78914541176009,12.62303289390989,246520.40654185732,995.6816505647491,51.98540433733088,0.0,1000.7558951029902,0
81.74283833581877,2352.6134240167758,76.0334113267287,61.20351384057424,12.795753377331726,216012.7292377995,1096.0931287583521,43.222144499337865,1.884108041804955,1077.4699414905874,0
80.83495587394313,3194.6120035798594,66.56860804302455,80.95489989090053,12.439323234308553,119838.41583737734,920.9781926353932,56.28858497210996,1.671821756787319,508.20312611603583,0
88.84922930569157,2862.406582914089,82.08575865582011,65.34947163012245,12.774673119765088,68215.77590547688,1046.442469322443,37.77474683420687,0.0,117.73920191595732,0
90.54291804004862,2516.2173808392604,80.48711385622651,85.44454160165868,12.795579154835314,247577.15928079616,940.7151105444433,36.791493355895206,0.0,766.5253699931063,0
100.4500270676472,1918.109743548308,87.6387795811725,64.53348748007967,11.839128004313418,248957.97025367012,1034.488334973707,44.90883472827135,6.362344548827057,743.0486402959001,1
99.64546120241693,2019.7649930606237,93.41163638348752,85.67878246653258,11.520523040739572,203038.95361354147,925.0889314576857,32.23043184959508,5.101373479419298,1289.4953478209447,1
82.82055837805841,2568.944603779969,69.76927617964645,77.21977436661489,11.83899712144091,209976.49011676712,965.9786160814032,44.93724619617545,1.7285176691274393,1211.6075026887088,0
83.33711949660318,2058.3891755876316,71.44206170300274,76.9532555103508,13.227465613326281,209641.74936587937,1030.345336778489,46.17998624420278,0.6103079536335203,688.423322177048,0
79.65362932977051,3292.8830641785703,74.21403325638774,75.86656025984595,13.654556220773145,180881.72504818218,919.741724544369,39.46188147100718,1.0367776014505024,1068.6424095935736,0
87.08813833958611,3134.4132021519276,76.82708420557826,58.10427229362697,13.553331846566522,100456.80977327962,944.6308360598211,48.15867416209752,0.0,189.86952339364979,0
89.67214157239734,2937.2366859855792,77.19978253234898,61.276274857542624,13.236903506642095,100471.90728688509,1088.1568416685116,47.4868091873776,0.0,386.34723488842747,0
85.27207418827572,2258.964437184932,80.06982540826421,56.01739226369161,12.713321993033546,174251.49556663408,1076.9169204772484,51.98796585498596,0.0,159.7256609010721,0
79.03017810026677,1953.9718544512982,70.61130201524173,74.93492168233242,12.199884039886186,190963.8804308711,990.773437455791,59.173346775374554,0.7022130633426351,141.27259969161244,0
91.77239621085357,2665.3897093103287,83.12434881206356,75.19707277147248,12.632939211044334,238699.44833529132,1054.6449835659482,57.01371790599069,0.0,876.5607325936563,0
100.25840953756445,2975.909599496359,90.03929262588639,85.63604974802739,11.639050494957202,196329.43028480877,968.2924372798584,53.46113253851614,9.936064955884056,602.1999665781564,1
105.0603508311677,2376.6021742028292,90.07450229644739,84.33727520252117,11.564376986729094,109079.70206991713,1083.0311586837697,43.95690818515743,6.666346355226154,776.6532921291467,1
103.88820115726494,2121.9557375790705,91.35570952665995,64.03514320430386,13.022599889445011,194929.77772224403,977.7318070797235,40.45871887080308,3.9476827632659273,649.3185787019621,1
82.88156720290462,2368.0543999385595,68.09970151892793,87.02312288112962,11.612801005586151,219511.92967266234,958.1915564591324,56.58870783457755,0.47649242219400634,512.1333309071265,0
89.94559541951332,2350.6540507456175,79.94930679833928,64.9011398085865,11.658589185437636,222638.27178819638,945.585238654695,42.323725813531624,0.0,281.04916563464184,0
105.89548593959246,1921.3768975934747,99.31367782292752,57.17003264888949,12.71297707790852,238814.122810495,984.1327387480304,45.828408926382515,6.826881792860238,348.1791384344382,1
80.15428672236109,2941.8372432633523,67.89235502093621,72.0841119061076,11.949233029114176,153242.43061355798,976.8705150835655,42.91003173307076,1.6492351044146738,773.6657355996759,0
91.31791387925182,2320.3852701853452,85.22047704360291,81.36262143799678,12.371299885362399,72181.87502131934,964.4442095975165,37.92343642720463,0.0,572.1745970605186,0
88.68763092220908,2829.022742794846,81.25501197546374,68.09901368744787,12.32369356069538,134351.36847907805,1049.5334614076608,42.79764009690932,0.0,760.1771543646063,0
80.66116151738065,2977.644420604356,66.07899441262148,78.30359029050669,13.080358488134952,97642.75923612653,942.6107045581284,55.693359670337806,1.8489372682338772,554.9060702599818,0
82.94089611747641,2541.113695279505,69.61997348061333,87.5180319243104,13.044346029432257,89028.51150296233,979.8110401047957,59.58689678916129,1.8620830473433534,804.1361370176924,0
91.05594433769947,2661.646826090652,84.04660336124874,65.05281715748917,11.712987736948785,168891.89388063713,985.9325399087495,48.811863630281614,0.0,360.78199225089577,0
95.15391345596213,2756.6150195710543,88.38872918356537,59.00530742685593,12.420491432643328,218204.69826948355,905.2680407246762,35.55721868039612,4.094701036735265,516.2361233738122,1
102.35078251929156,2649.9393612052663,92.34373816099186,68.96675700745325,13.084036796713173,184679.15452576894,1001.83743959907,51.361233717349506,6.957273390429746,524.205416767843,1
103.58057236542066,2287.8509703844184,93.28171919918339,72.17163672807898,12.074413077627623,208614.2259781127,1061.801910478221,34.99848278450567,3.0459825192306758,938.3778144329123,1
91.0170997475939,2247.210286556552,80.69638178547478,73.73826628722978,12.60739111452136,106539.20841137497,987.3166867491359,50.49234949180864,0.0,374.7004397742447,0
103.3312390864377,2819.5880818112455,92.47970173981898,67.56094090572249,11.75474591124446,244591.83906714251,988.0061110265976,43.35250804452229,3.232026850977882,761.694983829923,1
80.49868036679,2780.2276716368474,73.66561722991719,81.14817539243874,12.077914616797518,134899.74116531044,932.9145343526477,54.896516394679054,1.7449963756479223,274.3373110229634,0
80.54774543284152,3030.820508592754,67.84853469875989,62.2542597657072,12.692582958053404,200943.12867203887,1050.061318343688,44.98371642524758,1.6689016841088482,1230.1881784157802,0
85.66943319605983,2368.8339558960624,79.41515416438632,70.77972657959656,13.17349371534132,123613.20320898903,1087.9489828955889,53.599096204089676,0.0,341.0288344516005,0
78.4666679595989,2150.555942692294,65.85697296686175,71.17458942831489,12.63285934778653,237462.89580929722,1094.6594606292633,42.08011079307313,0.593523130994857,433.2707394797241,0
87.57544792112863,2347.8271157047984,73.25284737539658,84.76460081870096,12.597577852334284,244161.60585781574,999.6408167787674,47.93383424945104,0.0,210.97163451861547,0
104.15967948827084,3139.3221422648976,96.13441963995713,62.94841789768056,11.568493480511098,108899.0215204645,971.1623945709521,50.033982570029266,8.332980913393982,1047.0761129138227,1
90.49821120989958,2786.9061577970156,77.2403030019294,79.58403614298147,12.546692240839366,112085.16180096054,1097.8669693079266,59.27207838543036,0.0,581.2184615036394,0
78.2784922552297,2307.815382392927,70.46355257308785,75.7180822318021,12.515886813555392,61588.70213636141,1091.6590158589372,46.88047429086889,0.6220836583038696,750.5661996378568,0
91.53267562730377,3280.723537161316,82.26074661447086,78.3558181561807,12.658554938588447,190563.28435169684,944.7109817508525,52.167954440250746,0.0,610.670882421203,0
101.71132054107221,2333.852230834818,89.6659847014999,76.65324348020602,12.987023204602425,98765.43142847542,916.1764735809435,35.17243838802176,7.444590601678843,944.5554212042073,1
89.25149328004336,2101.075416772333,77.02839781479767,61.43405446599591,12.391271893257674,232524.13595618578,1048.835611247354,52.90325627235219,0.0,1120.0963525471698,0
93.30313507265473,1998.8860354232386,88.03075505390028,74.00902108724473,12.69698839960213,107686.27091532003,966.4831871589132,49.433968468034045,0.0,1026.450887087285,0
97.59096396521522,1942.5271957494995,89.07719456319217,87.17345174201438,12.95561559295292,209959.5792364982,1044.6731514891148,51.91169092568579,8.775850106999366,1289.0669370088774,1
80.14336777727678,2426.864399006437,69.187581958282,85.02955300352852,13.096179761201343,224623.88030712097,1024.0358860564095,31.735574635490533,0.3847031022354894,410.92284221939155,0
98.61122826747003,2749.8105223060593,92.6095521371961,72.62297664292251,12.486815718034425,222739.2155713023,960.7483600368382,39.71009427932668,4.305367040513551,143.48229957959916,1
103.72491316441304,3139.4512684198344,95.87977581257226,72.44161053103917,12.9495815452448,144991.16256845355,1029.7085218018058,39.77901389928118,6.3499489884877445,149.91293668462524,1
87.8795575975641,2941.1618011950204,78.93011300859202,75.17595027741058,11.619996454027342,188063.24524236363,1065.3727864795042,50.45458219921896,0.0,575.8792053018101,0
85.99695231477583,2693.210105053577,78.67135544051567,69.79891144551803,12.080511770578552,156483.0886140262,1097.3040613402075,51.20584879880958,0.0,404.200193236331,0
90.1789735678596,2881.0083626584637,83.91016240653919,58.48722889436371,12.10489298252912,139508.24672675534,953.3933836856186,34.54390140118096,0.0,108.29262998456461,0
93.25325992618536,1960.9576344935037,87.74517087087483,67.9539287111418,13.328822391889162,114011.19629958083,958.6217440800236,50.65187399651435,0.0,1107.9917201281778,0
104.95553657395851,2957.693334622454,97.47468668776314,68.19428512958788,12.769701093939794,88731.93674954292,977.5858229355578,47.5320930878291,4.317384757671847,154.74371614062918,1
94.7358819018857,2486.1185724927454,86.03556221716025,61.46620342065739,11.650176133881837,108406.52010714902,960.8616263884753,47.04762728115745,0.0,1102.036323374672,0
98.5440066465198,3078.0621093768154,84.91570034393149,63.24349594972248,12.442140561411778,219535.29705506534,1021.0496145563825,58.658952323659335,9.802834687260248,732.4756219094442,1
78.31785508405241,2524.5252997250363,71.93030674800127,77.79926773736166,12.486396232399462,114721.64240343479,976.5568211206062,34.55203385231181,1.4114994906034586,553.4179400922158,0
100.43822492102446,2793.7833696786797,92.52013091456772,86.56148448062845,13.460526159435846,135179.5043466607,945.3888853461802,33.9172179385103,7.334993816062683,1037.4147584152329,1
85.32636362532749,2456.4081319257252,72.65494611405697,62.28678480071892,13.696541575259417,154509.2473019553,951.4782706092226,34.77246450010749,0.0,1054.266312022393,0
79.1808868911328,3074.1351458249346,66.27628892768664,82.53489183264365,11.774184015761346,141116.6016813625,1090.2632969189688,52.415322969815094,0.6956554127481622,145.412326590328,0
103.59894923921652,2737.6631984144333,92.48085135542058,86.14285635727414,12.501903935147897,153955.55701290653,952.9232736900346,48.78749603396048,3.5237489041601027,887.1642307734786,1
81.04544584269625,2372.252383264616,74.79888857131708,66.98779217501192,13.52967725113774,186510.66793671012,954.8596171416057,36.395003215652906,0.08244533441190494,1081.343462702342,0
95.9045803538715,1991.2866103888923,86.37374967575235,57.480510699345515,13.562527466509124,198315.4982766561,1076.400334742886,59.83697792547208,4.107462466108465,1160.838390264303,1
86.13379338946629,2226.0436233738847,76.09992572541013,59.962516966476464,12.538321529949947,152469.76921511948,1045.671743119732,44.37957871006324,0.0,536.9497371245378,0
100.19221282280054,2729.8697794652235,86.04105260410172,70.80393728212482,12.237380821577357,71455.3227574214,1058.3857969425787,46.99105248838893,3.9926170998394737,892.9238117831745,1
100.17069350893017,2551.951642931631,91.50264176691856,79.35481510559742,12.591620552337393,228443.67314073877,966.9891970793265,50.310984529169,4.826000344687196,539.001664683398,1
90.10784197638796,2088.3362886045165,83.60050921901998,62.57155436928274,11.685527909518672,219900.5043562108,935.3521124783662,36.45407774834579,0.0,511.8763027799413,0
83.63355023284777,2729.326552616205,76.3005616766647,55.20856524266406,11.9873471978352,170762.8981305131,929.6440919902292,38.972496765684454,1.0925484410841768,302.7949701212874,0
93.8785341876478,1993.2953787393958,85.2962528632045,85.53694975565585,13.239851406979481,150989.60292607555,902.3898671447257,55.166201851814435,0.0,823.6621497954534,0
85.41025177205655,2789.6613939936296,75.18305808954355,72.14558823077608,12.282522243981186,137826.98572835547,1097.1072765381077,38.068953020987706,0.0,811.6986240861698,0
98.541291185786,2261.256256253171,84.1958012688849,71.49154543891856,11.704175152123451,244144.03393085313,954.6195299575033,49.251856335241605,8.768599345126919,1156.1598210046739,1
96.24484949006549,2205.416479045338,90.48733009664929,78.35107686974663,12.102882990878467,242428.4975247066,937.1718983786028,43.31056094242578,6.996491087453586,1057.3322321768233,1
101.13614342479025,2576.7054285985714,87.1742626356059,73.73987377862986,13.68246588271267,203322.09655889915,1042.7965737253546,59.81908806217596,4.361936573137759,740.1992563810509,1
88.01069626388475,2564.106752619352,80.54536713545231,56.256206517630766,11.775796815451057,60704.92558977813,1020.1193868250117,53.81631496846676,0.0,789.7997711431229,0
102.40271717570056,2507.2648118055786,92.6373431799278,64.75069608322573,13.63594923279694,96250.06343120005,1015.1423604373048,56.50853923459837,4.093161338241781,733.27220814817,1
93.89984128727691,2457.4945390295434,85.6856861139801,56.72454271987067,13.395409007569661,162101.22117122536,1070.4378084780562,59.72866459344813,0.0,148.24703105605192,0
97.48281296295382,2090.2980802964066,88.19908669356725,75.33698625076403,11.550121221106274,65795.74333359548,926.8118376962211,52.06699681704099,5.43538426247267,102.22058072349385,1
92.46918159608535,3000.201957976148,83.52378793904616,82.5147541487792,12.702519521574175,88689.95824536339,942.9283096329993,40.05645124187286,0.0,551.8407377193944,0
83.30442554427609,2608.1517254725068,75.77566280693715,68.40856253230031,12.834047813310368,196364.60982666622,1069.2551968890436,51.59454473553476,1.6843183667463695,1132.1331099223164,0
81.31122047267598,3071.960547145,75.96089635925298,70.31718750036372,12.368045524170334,134081.5169342022,1001.0378798097302,36.475361073677405,0.31899896544506645,351.0430536681872,0
90.24425444481022,2979.391718056242,76.6193903584231,79.91467176254713,12.330646112622235,230998.87343659802,1094.2556683200924,57.071309737983285,0.0,350.72488921872355,0
101.5894700605252,3017.7617953224444,94.12947473453436,77.35706486992137,12.19376698124894,135689.34674114687,1050.900086961992,34.00258470219581,9.477496811029768,313.41642409428744,1
100.27186862508667,1959.7717140448892,94.75180276570438,69.9860771794122,13.415554299808916,61021.16897771203,965.7922229372167,35.21025215838811,4.165043655843445,884.7848494928986,1
90.18567065759613,3179.3660716259897,84.00947851323392,68.80075440728515,13.01916421237849,81803.27977999646,1032.4750620429318,55.161458961399006,0.0,329.9121741450153,0
85.51344859365955,2685.6629324248493,73.82548563478,84.28736765923458,12.235293295240217,249518.18605172535,1064.1137146064527,39.25916307139965,0.0,500.9524908064014,0
104.91768645286268,3095.942676035706,94.46306317782766,59.41387533819946,13.560400815965497,215091.7780799556,916.8161030759982,37.638333418051005,8.15353769787143,1229.7930342382076,1
101.93240211748665,1938.8209683926084,94.10205321634506,78.59581889557101,12.972769027464874,166531.66398522153,1049.2614597567263,51.862638460935116,5.055646343603939,202.19644326140428,1
80.16130750920269,2756.1406282955627,69.31914444384859,65.9974797503424,13.632329438089313,234143.8742947425,905.4842564336174,53.34455516182624,0.5290707595186528,428.61830682073804,0
84.5472295407859,2655.426249172063,71.478207553982,67.59135006922656,13.1146956526467,93822.16792296752,982.0014296775117,41.96931494064246,1.3087158338273068,333.2754183378181,0
79.82315553956339,1904.126685429896,65.28828858833096,60.95348226762364,12.320436591235481,96972.21908837161,1096.3705799010108,47.09225302850129,1.6977370744099782,657.1059816782598,0
86.47284129525977,3036.628039379897,76.88218581877065,86.63450102512597,12.093966527653643,172815.33676141078,1054.6663749212912,45.038646785498,0.0,1135.0867938693655,0
90.75772056168674,3071.9996932200247,83.1630939516157,74.66506884403984,11.780886279158997,78117.60400625915,1055.3833649929622,52.47771245095606,0.0,234.22197646824213,0
101.09933553558952,2668.3706144657085,90.72449227003516,60.9221227043335,13.392322599287867,144912.0981561951,960.1659410390921,35.84458730195541,4.2459539624892955,529.7052641803436,1
95.43014903518511,2520.175056043841,88.2392844284624,82.91067660783382,12.16401302697462,164425.72899534396,925.1127777769493,45.60968841366861,6.603756572837014,262.25062098435876,1
96.22611495660308,2098.705870776461,89.80045238474351,75.64764745418017,12.124623302067095,62753.3234242905,1098.7663990629808,38.297750567600104,5.674387395070149,635.9448766260036,1
82.82584066397712,3017.424141712571,74.99818245632906,79.29325505363369,12.87060504733675,177289.1239827363,1004.445259105365,44.837961079783085,1.1088078369662802,606.5089946900055,0
95.67729255517924,2950.3099732716455,83.71378266282606,76.69079797700286,11.970505117004171,161658.7059936237,949.663124427322,36.01328570146031,7.971859888998177,165.1821894958012,1
93.00824450961622,2535.0263937775458,82.85406315084681,77.38937684132522,12.46194888804254,197682.38620159705,1070.9807361357607,33.32820302261869,0.0,1092.1308906699387,0
92.75618257099939,2823.390362095637,80.35811478103614,84.65371722431979,13.061368808985874,236944.19009516668,903.936009221829,48.79642913334242,0.0,520.3652198434165,0
92.4221552187085,2574.561929015506,83.94764013430984,76.26510571464115,13.124813526263846,89075.88124371188,980.1392628364114,43.305710253037574,0.0,1157.9419818580184,0
104.86354074487974,2271.4566677236858,92.05544843869085,58.88255691899585,11.86147311030575,198759.4419857365,1098.5799953831831,56.98979278861134,5.563561497401481,864.0520275474208,1
105.72223533479048,3037.5038980464597,94.13240301884122,77.74978079925285,12.614797764212991,108457.16131853411,1025.3319192259198,49.071124044744025,9.485838250185388,1079.5931732393847,1
101.26908910021146,2414.651991500519,94.96304769270411,85.26153069914253,13.129312047655997,73081.62707321237,1051.3722567718867,46.41844149061113,7.690568482007054,1102.0905117402071,1
78.9040338656155,3054.0189090218937,70.86319111729512,66.99668543367638,11.642937412245606,219465.33660660166,1059.6846720964231,40.0309692859593,1.4581555526918168,871.0295681281244,0
92.46666553817411,2803.907851871664,85.86411064852312,58.35435893275955,12.412376817666049,171986.0097249938,1048.1613784355623,31.559377857052294,0.0,103.31388206688112,0
79.04208367032881,2104.792509452995,66.30828627687546,65.48916402932639,12.031585032182397,115606.62506526838,999.3212910364541,46.99355188885021,0.37074335255430446,287.56273656702353,0
90.52261794984132,2578.574246976094,78.61220676479932,58.3235615789372,11.762463821221006,93848.15396776138,1044.735645883878,39.56729837050917,0.0,446.89246122342183,0
92.32324593009511,2265.3670169038287,86.74706268134557,60.442742012795996,13.01403641584012,120333.25359046526,966.0173178466541,45.39402473726493,0.0,1196.2349803448278,0
103.39503696643706,3165.29185961695,97.5204348218998,79.05300356169444,13.020654297744382,235861.73456296342,1060.6792535938855,51.086894627352024,6.364069762709484,859.7876046912089,1
104.04650703908952,2978.055832853843,96.30664930151856,68.72384262937146,11.741307162596609,141994.6776453125,1019.4809019327398,59.73716426912209,9.284054188931183,1162.9450070330695,1
101.48023262925156,2119.3546787151718,93.18036262460565,71.84755720220558,12.644289165654026,70406.09636382703,910.9697361440241,57.85495589644368,6.249652593141842,437.00605578480713,1
104.74367857214479,2539.8006444796174,98.45495550267731,63.10695864498689,11.797461287867586,113379.42182820642,1092.8997217285282,36.32417601439131,9.006863229867061,913.1199294379184,1
98.3955777362519,2448.902252377793,93.06872341310282,57.3379342699801,12.588943852953086,110300.9139027716,1050.0497119034774,41.943918077857575,8.326082945740305,474.16759638196277,1
95.57589480743438,2432.3204374765623,81.86553976431394,84.70340097014586,12.401317919203214,165372.6530695157,933.8007785138507,52.465141282689615,4.277596111131713,420.44443210503994,1
93.06851413510185,2414.314002734617,79.87864143768967,83.0945334239402,13.537250604265788,65976.03959233672,1017.5218743737065,44.24199196881034,0.0,1260.6865654804817,0
98.75002062730039,2997.161044023213,85.40571435134446,61.5631081783184,12.090046412851487,147740.93305419123,1006.5907043821601,42.9686568863913,3.564625781308746,860.324697690993,1
97.97356739059182,2513.3428480404455,85.76582805804253,82.85171135810575,12.02310322993093,237068.7166101194,998.7858506511376,34.62645348158077,5.1088025557027175,681.8029209608271,1
95.65284457659291,2567.2957385831587,81.03201366853693,58.29601811414737,13.605210934638276,238045.413542369,960.8136517483098,47.99034016511305,8.511769263090185,616.8880003638102,1
79.10257618841712,3034.6759620499543,70.96048423935386,59.2794722984421,12.792729825643878,248919.79332775992,912.9715653862355,53.70551074677233,1.3672312800554343,249.25437310607595,0
97.46417069394492,2680.650966107946,85.80757326961637,76.98697221355164,13.411239861681175,110402.65210677448,1012.866382998643,39.966102730237665,4.1751723153720715,605.911754663589,1
85.038390667322,1940.8682434634586,78.70796526440645,78.21232794361714,13.509920733125252,180333.75163670647,1082.7892003176685,37.955900265744646,0.0,624.6734337844723,0
102.91202450150861,1975.895382963293,94.44646552376989,64.13081310701618,12.957209230338005,188495.1997429222,996.0276633819815,36.21841011188888,4.521265249342073,1101.3631257475297,1
91.22669567102642,2362.602712828711,76.61744203658577,75.9110215575854,13.439358033455536,196759.5229651394,1024.0291951374172,32.07702556024789,0.0,265.79083153770114,0
102.22549824381798,2937.511963020438,92.62539434105963,81.3530093849398,11.914725055130097,241951.85329502256,956.8876962558846,32.122896067656434,5.542840245382056,116.46168987109164,1
85.38457647178564,2371.2862920948714,73.25797747520689,80.6069024803287,11.883622176127673,236814.447397436,1015.1986014025698,50.84665365577059,0.0,1184.4856912461462,0
88.32754304103008,2048.4384118169037,78.71217782844049,85.10250382399917,13.277201943153834,82879.66583978823,927.361789174417,32.20595884339806,0.0,182.88822764283628,0
94.22781964817551,3148.771569187722,89.14854698102717,87.69729475520299,13.058461488165763,83512.5349186935,969.4711718073202,49.61843029181303,0.0,589.3565509263196,0
93.39176065490655,2139.654802019204,83.71811152129703,56.79893551522457,13.284823899831796,163227.70957611396,966.7713481324886,31.968016319786667,0.0,817.6505577954558,0
105.73244120141136,2305.999754693385,99.67649718948809,87.643874532703,11.502212077528245,178789.58898404107,1017.9319328353268,55.57746954819474,4.893583112118021,1109.4964988710344,1
84.13931603141836,2426.1710364959945,70.025712289331,86.50856785102326,11.705907163428318,128038.58035003976,952.4530450613667,44.43672481461341,1.158880484922783,973.8462250579066,0
88.45441009701932,3207.3712466938096,82.13537579148591,81.46642781493604,13.632915438138212,147094.6376042821,1069.3934241249963,57.243195183568446,0.0,556.1738071128968,0
99.02662376824352,2319.2659950743105,89.53223138157482,77.15926145750124,13.190480107676104,183863.13511383714,970.5322771726472,42.24676120302082,3.4200683393760007,1126.3422317605582,1
82.59124883405575,2136.2456009201583,71.48180246380906,75.31188528723963,13.675821559331386,163396.57810183795,1085.1299816499345,54.43892004615403,0.18492014297708526,623.5660704171423,0
89.52857243878249,2379.8364414360585,80.53286195679993,55.90869661735673,11.874337934729947,178877.58645690398,1004.8911435167261,56.739659344739344,0.0,973.8303238282272,0
105.93882963983972,2426.9948009363216,96.33313458334764,68.22169928726092,12.202723248192795,140822.14266514865,1039.8297469976155,48.72718347185459,8.908361730126883,766.7610318922392,1
87.44259634982016,3087.735199350466,74.77153965745913,76.16164384249029,12.480603405250879,227903.9396545876,959.1994098802028,43.094146302452,0.0,1021.2858843196988,0
87.03680878030943,3058.1419880445,76.19705169440911,65.57038367428177,11.734697651345094,65487.502945685934,951.7675983352082,40.566873354498625,0.0,905.027034760881,0
85.35097289070896,3286.9841994663493,74.30682890463578,77.0725289588953,12.329621016286652,75369.25452524037,1086.137068472693,55.32737727506731,0.0,180.1720945021258,0
82.38201889180985,1948.6235381231927,74.5779057166146,76.29079940770194,11.629010156006666,126321.49144282335,1080.7430229314602,57.06374781948567,1.8536172759859464,247.5881271049778,0
99.71185298296356,1963.4914672110385,84.71605963332959,86.75082949611979,12.133870976794954,163883.7475934378,1007.4465977556636,49.96952772226183,9.101487533854758,1127.1849796849212,1
83.20049282259528,2499.656151749206,69.83923790131585,80.76598920364773,13.492864025741365,85515.50352117431,938.9742563210099,49.4635003013434,1.6282361011582844,253.92762110595828,0
91.54763401562673,2945.11389107441,78.81008455155977,81.45670583594585,13.54766407473794,191793.18836984996,1051.2616421986916,59.30836599078142,0.0,835.8385768868549,0
87.11275335812967,2691.507500373636,81.41154970557064,79.84480019306858,12.027036086918839,115427.03261665202,948.8071524920443,54.664595037850894,0.0,446.97510095677427,0
94.22363607248926,2059.496166396244,85.17157807627592,80.06944096794555,13.383521052006582,171684.3021454641,1047.4793092689347,46.63961311055428,0.0,379.55720981811777,0
101.01293876665378,2844.197918807352,87.19779960683016,58.470436335569076,13.32414917876411,182083.02851285035,940.7840682580836,30.52412376537523,8.78071771173052,793.7435723339328,1
105.69301328263754,2682.2943669729098,93.86737124409471,84.54033723902296,13.62536367304745,198868.4188311987,1044.0014172923804,55.08352444911957,6.952627911888945,472.21842931413295,1
104.89442724427262,3129.8173486986516,97.14293660673503,84.1234284467303,12.159307945569896,68029.2322327645,1089.3026855532744,58.96703162970863,3.8053862363128843,513.7418854489134,1
92.75831485507834,2613.4976018349817,78.9615708681075,58.263849198132384,13.134553658886428,164040.73037563649,1061.3215690002055,36.963408685259125,0.0,575.6081109508075,0
89.5120746596453,2467.410406432433,83.03592224792162,66.24130435137987,13.21406757885216,116128.91266755914,1036.753284257459,43.560152423685956,0.0,1199.8066623524287,0
95.0531779311049,2911.4942815004124,88.06683567618009,85.02185324238614,12.857486160730224,71487.87404614064,1018.5956276016544,45.46647947151771,9.295005995438462,925.3169466658263,1
87.2683261944125,2164.2623113324616,82.19932188510538,80.3259070826891,13.494872124456789,146888.30894702615,1023.9690772199586,35.227554936030245,0.0,249.7104385737245,0
89.51943338046338,2539.3964355918847,76.18594371083428,61.71804772017602,13.158050768414927,130502.24143813166,909.0021099394927,57.80256242384342,0.0,958.82354328007,0
80.50412937303165,2619.1045101551126,70.01743574001318,57.792706047109,12.01697864601958,179717.20658727636,1083.5956298297574,59.6519862240959,1.0980683057097615,653.9662588760453,0
96.16304378351796,2927.7519282235935,88.34749980938801,65.96469778599867,12.764839571390253,163931.58314632502,1050.3682239990935,38.05813972866329,9.950005904591581,111.19043245246773,1
101.81967098753715,2524.948667772313,87.54117942362203,80.45523488715669,12.825890554341377,67275.49627665279,946.2315858487625,32.963591638265086,9.098353220504151,557.043928547405,1
88.60079854144527,3179.2958033629147,83.40827273938996,63.97122955299646,12.3911216482331,111665.01428552196,1044.3112641971982,31.523219285344005,0.0,245.86760480989426,0
95.93070253036737,2066.900601035334,84.76021974609836,74.40926184296453,12.599135923707195,168933.92016482598,1061.4048780252385,38.31915202457029,7.035493464307431,573.6065156640561,1
104.00530870018346,2513.1986153026705,98.66115204709781,75.16093898742197,12.700322354275075,233550.65152127657,1055.0774855980344,53.70846285582378,3.718104016031618,218.59010287681127,1
92.26686597421262,3265.6673188491545,85.85445964359782,58.22276239634122,12.096992258087578,160241.15604660043,943.6030478980078,51.22159537584464,0.0,534.4689905338398,0
103.998208239801,2362.5376556782385,96.47888749648223,78.1888047537155,13.267100058103171,196658.5901907008,1036.9441113332664,44.94104265731225,9.16146021123247,1187.1539490830983,1
97.05704719779787,2594.3963001926904,90.12479821761086,74.23703080754353,13.494548037476697,219940.8544570207,931.7160944495494,34.601738326076884,4.185319859054712,580.3045048840411,1
90.44031847203016,2176.3490875911043,77.31605544163712,62.78081894952199,12.644471562801098,219464.24177352607,1017.1398895432171,50.31283639429466,0.0,1240.2578271445188,0
85.81356173500433,2082.9461552395514,73.81683563659749,59.74610314270057,12.390567650730894,63773.18283468203,948.4175492346895,36.22600011113,0.0,1299.9895847359298,0
98.01500945082157,2087.526921916976,88.44321268530497,86.75895383107209,13.26787383507143,75139.77917727963,1058.6459154619652,51.90614945740462,8.32824461360667,550.0098871306491,1
91.69448665280821,2892.5503658344023,78.75031729614837,83.29875161034784,12.047213711642266,102849.30048988533,975.9211746698439,39.82649082452146,0.0,1235.418234933235,0
90.10021355114458,2540.526095840999,75.46574039104762,72.18626639182082,11.621016910579883,138080.81165661878,994.8623839921343,31.52933143082845,0.0,644.4795199826101,0
80.79273721029801,3205.5494816608216,68.18053753845332,83.1559959093338,13.472472949066276,129912.29357199317,962.7708659416594,39.34298361240548,0.9284292686737694,915.9437204186338,0
98.46301085997138,2695.598858451039,90.68522515795631,73.02941681124528,11.676174098120507,212620.24958039878,930.2409651545945,41.07270557247691,4.736161738790083,604.0135511218552,1
91.68182074637026,3143.49546376576,80.67527961933675,57.015806231576406,13.218276215349007,167881.1550693543,1044.2233826239508,41.97284506601716,0.0,999.4307892693146,0
82.6774464196975,2880.1982633029957,73.43873728549674,78.55137543088337,13.050838056248484,210360.30757678594,1039.487749971142,37.85438652184761,1.703787520352328,396.70074927904733,0
93.92516187308314,3195.3692627083446,84.11008878546306,67.79454431441243,11.523077816437102,199902.93717948472,1096.2019164594499,43.41700152675485,0.0,1131.7277773260025,0
78.38575103691335,2748.024534113081,71.53875089828502,85.81440897932154,13.172649127022986,238418.05317909515,990.8054988698103,46.562100866524396,1.1799154083938017,1284.0568997615987,0
104.82871353410741,2465.906238243185,94.5520183097864,71.23200208584316,12.442847564608869,224663.78241016634,988.8368572196562,51.928946144992,3.4460153412237737,581.7809551291309,1
105.43759704864476,2769.0364644839897,94.48133169641706,63.92180787318117,12.674045015116805,194469.44358733887,927.7139309850703,58.686911939844464,9.589746601320329,327.4721722325468,1
104.3771408219559,3262.4806054344217,96.68829185780433,86.35822321998756,12.662765176956526,180766.38193065126,1019.1903593018485,42.6419221257266,5.684091953202203,1057.778303245383,1
86.41533963399175,1968.4311461026325,73.48409979220838,60.864175947210384,11.937040496879366,123944.87042157797,982.1649038312352,35.54395946795373,0.0,127.06584738746218,0
86.4159160570086,2005.1437971597425,72.40091727853024,64.47137493751715,13.276000593765986,247656.25061803323,1045.958259042825,47.290790528228484,0.0,438.2857707220339,0
93.4388891828485,3176.9377660102314,87.13288196170281,64.90432469677238,12.587025500361705,67395.23422956622,1069.093624572979,37.52465354293534,0.0,391.7554847097785,0
91.16510653982444,2447.443357465533,76.60606946568345,86.19683151864217,11.51753249143665,135110.46106395568,969.1890749459058,32.15594119796641,0.0,1087.9402311642143,0
84.79008030811904,2720.9408530968944,72.17982202297338,59.566703101118044,11.815517658198267,84320.22563075757,1060.6320732138236,49.711826549891796,1.845808607282326,830.3748428313551,0
103.93269507983071,2204.2840542335894,94.93304086866976,60.73884358579109,12.787017944389993,197906.3808305211,955.642297438704,43.98786253322167,9.693331544962493,599.6029865723074,1
87.58553894446061,2849.471129838933,75.47771393545737,75.33737845888683,12.367379748777118,85457.97709174312,1027.7246588590638,44.77370752667123,0.0,499.70280003013715,0
82.87347194241202,2487.97342239886,72.28947147415421,83.23675137857529,12.221799672114084,119815.69597704985,995.3727312915462,51.09252907799484,0.9608212434604657,1031.5285987744883,0
93.61483745173179,2152.07920282548,82.86172075052124,68.57414629673607,13.150696373926477,162416.72223804655,926.1831003929316,48.30912291698121,0.0,598.4054893867424,0
95.58046630180765,2312.5342271493873,89.19505138542947,70.48143863784469,12.176395587296243,110718.59442255841,1051.098651745499,36.460069303809696,7.280021362574308,727.9387464494632,1
98.60049391588494,2947.867826722739,84.29422506439607,82.11659966031533,13.093728060066404,143463.4193547409,1069.7101257226323,51.640942975787446,4.395682314438329,753.64228073358,1
103.23920891860686,3222.9580458614987,97.65551452578443,83.30940179309667,13.683234339975574,84259.88962736899,1046.0757463595364,55.988856981907425,6.18175373209646,897.1206394544095,1
88.86182716610327,1927.0168502553065,73.984191000214,61.37864862360645,13.022483812009567,124204.63445340509,1083.0682099129274,50.08863454326868,0.0,1210.1018152839345,0
83.50697237290524,2574.874260901991,71.1902267936415,56.29261444284801,12.101661187527542,89741.95952720051,953.1511696187367,50.99064525005099,1.5102790111463467,645.5303942628783,0
88.61637575577984,2995.5317621264644,81.30295632501308,81.0574728121575,12.947267235341277,242031.15777570402,951.9797925553537,49.41014062835026,0.0,829.4601052288671,0
102.08492504797314,2824.190875082675,94.25743294722398,64.5014785119203,13.620546548573575,60595.74061619771,913.2828528947838,34.6376781860493,8.98918248210975,173.38640403687577,1
83.86089291865969,2855.4098009004056,75.2230194705516,61.07913689792316,12.465508399840985,125341.94257806992,1072.8757337833658,53.23010902517524,1.1489481993543902,177.9833082858235,0
88.73820850585436,2830.134883778167,76.14671051136256,84.62788220496589,13.59461341377302,206462.48657759363,917.7549186672978,58.709022089664984,0.0,524.2450511744793,0
83.40845773149094,2697.639009906473,76.09699179427346,73.06077859724648,12.944307594137374,151842.50279360596,1092.3023007394834,31.814894049771254,1.7102917160664386,412.9329608576766,0
86.1843760594226,3189.1671456950558,73.63031795959178,87.9189743809661,11.860781695035186,122205.05183589741,1082.2957400349426,42.72758594400496,0.0,1117.9079619799609,0
86.03609608146513,2083.5651360184033,80.3954328148695,84.23847788785345,13.15934985380911,73409.08374318446,1055.5870424723746,53.86583693092851,0.0,815.1703714889118,0
102.02584948235253,2721.306881886291,87.07797715104626,75.23379855104257,13.574231668136314,175287.13912772876,1080.539435314105,38.89015290494024,9.501171848403342,573.7481989211228,1
87.6708713485205,2160.0606769443534,76.46987425251776,81.04678710181732,11.608284776872729,103397.09717694807,917.1030169546931,56.157252874566055,0.0,541.7411003250199,0
85.88603207383568,2406.137120907483,80.38785201558547,62.25930118628385,11.861967363734687,187893.2454217152,903.7214294101325,41.51478205062428,0.0,186.7122820662188,0
105.49713820431404,2610.8006919904687,99.09566595825162,66.45720189028847,12.441618242201946,242537.372067441,1010.1526945838968,55.938508467292834,8.202578285098252,1292.3339141252209,1
81.81690463659909,2046.750495717226,70.82585649314474,67.31530333759181,13.43295963173448,70667.71168711588,919.1046638185597,34.019394028711105,1.3467045959018134,743.2548204430154,0
81.07256308738869,2211.810145219647,67.88261008927515,67.1923696535643,13.13889802910545,168700.74160454588,922.3242330295699,44.58928593393648,0.42342173310154774,588.294888951632,0
91.53025600721399,1989.503476899777,77.96387217128766,85.93102165448859,12.428822012474416,125426.25928995159,923.7710599199091,51.69636727781709,0.0,1282.3357947483198,0
89.5797374407868,3176.426642037294,76.49234844276378,78.89293343579814,13.265930946039441,167295.36188252832,992.7377626285555,48.63171979452693,0.0,347.23537520315114,0
102.57647092304518,1905.313802059791,90.29127166417436,80.8527883845652,12.36033292880991,171702.25365684443,967.6289666092008,36.01287305217167,4.806042492609372,739.6976250959669,1
89.76995892461795,2608.549322791137,81.49198779150451,58.85354991872359,11.50449288015806,116383.48415016482,945.3939978673407,44.76416886204888,0.0,1233.3855112991541,0
84.23595514169435,1912.3500856835672,73.44485283520412,61.49164527015924,12.053102773192547,62256.19598234519,920.5311576700846,56.37258918011955,0.7454086739756083,793.9043089848998,0
89.75685962148607,2935.3943895708016,76.60766106325217,82.1379970649467,11.638607848553253,75148.3324954379,1059.7492373421599,50.41872700813379,0.0,1137.1854522153917,0
90.94872597087605,2362.441924472823,80.5845327810091,68.68510199082273,12.204869402478394,198830.9555148203,1058.5099946259145,57.80871087314986,0.0,165.02899830763812,0
86.45588842690182,2848.560375381796,80.41719225345074,72.50261459959955,12.242778519299058,241915.58102303767,1056.3554940058434,44.963853818962406,0.0,297.09866192660246,0
91.53840793516068,2857.426327553774,83.56685088352178,73.39555293315512,12.148447864751882,234280.46383639215,1003.4146715746983,57.2748493671394,0.0,1168.3250473268529,0
91.96621745474943,3142.539382417768,83.3813082008455,65.02242150267878,13.501523646255155,173094.81271997985,1074.534046905413,30.387917246105232,0.0,427.766008115524,0
80.02648731939055,3138.4426895863644,70.75520946318943,76.22817718765228,12.795266338095445,245420.34776918282,1076.117076347879,42.60768300139727,1.2390029818407287,387.505487888793,0
88.53408549684207,2433.6033457442777,73.83887697899537,63.98406577177752,12.13042616112184,153946.16309794047,1029.6618090455027,43.795495260624335,0.0,1241.6243698965604,0
90.28136449934657,2750.15887571044,76.21258373072342,72.56089118752975,11.858137772321628,128065.54925943015,1038.0756066462416,35.04032024366652,0.0,970.028323025311,0
82.37997483065624,2331.3753342690006,73.232670015545,71.98684387910185,12.349057561232188,77196.19520739451,1099.6343953430915,54.39276238741962,1.0744783626021066,872.2055625528759,0
105.96016214374703,2058.3131677978745,96.65869208403274,71.2481915728863,11.516668557039822,79102.79267816289,1049.8670251605122,35.94714176240505,4.676470805342971,771.3051570521592,1
83.384569464421,2620.2280710232108,71.68768726588928,79.27518166305859,12.419428192253804,64279.571863086785,943.664869564444,44.09075662185541,1.1953357752998854,863.4098319498389,0
98.42542680471256,2405.474641759586,87.4317879150186,66.69764545317746,11.886795161137002,233518.38576398345,1051.2221548104912,32.09535069968978,9.460190493905326,259.66054775307356,1
87.18766072975306,2937.911190106093,79.34237336544729,64.05583096398696,12.375425183799994,73123.40439092365,938.4348296807959,50.29232558507077,0.0,149.52534441055798,0
87.83497682953198,2037.7118014100683,80.05187097569753,77.71429919100777,11.956330290056334,227723.9557626518,909.2762449370546,48.20609886191525,0.0,687.8824010237919,0
90.84325630266004,2018.1543200226904,75.99597925033203,83.11714184030546,11.516079399803774,129314.44539263462,1065.7573157544102,43.57975815363788,0.0,124.64137491949714,0
96.95510584608374,2016.4270462454015,90.35247429631923,78.42601251420828,11.759369202574941,151655.03639757898,900.0771345675059,35.24886147235585,8.447690070017728,358.05364717493717,1
85.50258897189704,2640.669248318734,74.9179958150996,73.40858285847602,12.498100993570965,185104.15350770392,1073.7303643228452,36.54316894609051,0.0,198.93583910115402,0
91.9903566427996,1952.5890488569644,83.78007190026484,60.25566403919013,12.60232855002881,167447.95413081377,1028.9949512293538,50.62789792271755,0.0,831.1586973963582,0
82.23156329159984,2058.1436325983063,67.2840972428518,55.08067707695677,13.56524303864299,60806.0279715231,987.3189447168091,40.286645408316744,0.23275257436067376,133.82950001287315,0
103.81557678467057,2267.9089136365865,91.02050932563068,82.4777203584296,11.546390224671857,156837.92770926736,979.9713765321894,47.79892413046158,5.190793025943621,806.2010946653392,1
103.4603528457985,1953.1507924925338,89.60829602665319,75.84369892360971,12.073576953530825,240329.7885042576,976.9129007119449,51.5546262178415,4.574673863183481,999.0781413026557,1
95.45413385752322,2552.7336011059647,82.7474505120453,63.628547097931396,12.38211975314869,153001.02790296316,1062.3964267182464,58.28034877041662,4.894646886287805,1276.8281061990585,1
100.77876203108471,2626.4358276153716,87.71566740613787,76.92510371535579,12.16155089990448,225367.8850760174,931.2754342788584,35.70188897641169,5.257360556718931,226.41882319995426,1
101.50194010794246,3157.091379731562,90.74076339011373,85.59810092064735,11.905508222332422,218218.3787260606,914.902297178976,37.59516866792527,5.123663140705196,603.5535655257779,1
99.43662406863851,2653.5223757267736,85.8713300071038,70.0242227928483,12.259992005185,209888.35850217618,1099.58632892994,39.34413194041038,4.039156027923297,1026.6089193824764,1
95.96572891097642,2591.500360457782,82.58198540512764,77.88609681942958,12.589592695645209,188429.0900193826,994.4143372597509,33.166628295616036,9.305708325669533,1207.7572529372885,1
96.77996549590574,2568.8274284345216,89.14303874926824,60.45455336298029,12.049135125495665,232469.55923189907,1045.2461014505652,45.693173674102695,5.36073115818071,900.9409477185159,1
93.11185126779945,2478.4513842877786,84.69805516022767,55.6097615221771,11.911703203985448,80172.67979625332,1011.7944543978381,57.398050301498905,0.0,478.9261442925783,0
102.55170499585944,2229.4001069179117,93.1945934415661,60.893967241293794,12.16299327973278,219741.70411122567,918.176099891295,36.41966996797198,6.287167533079364,899.9621121728717,1
99.73312975444198,2913.055826787234,92.78930945104386,76.30843749016506,13.606149538572115,212166.78671703296,921.8897826939491,44.991591927063496,5.039597491179723,524.024087488197,1
83.54932070381172,2257.9977253533625,69.19535411799467,75.12553084172578,12.12192119346503,79616.91905849006,928.8527873835134,57.623154909815824,0.38464944822365243,249.84550491056967,0
98.84543753004843,2063.503158341437,89.84395213702003,77.41455827515787,12.296481532300502,102628.99528997831,1051.3022075919625,59.000263987939185,6.675262678415445,760.4086457802115,1
99.43227450972888,2728.5366773544033,87.63250682856548,64.51933043088414,12.2240378013965,201782.50921808506,1052.009549114931,35.04739494224487,9.71823674846544,787.4324063729082,1
94.23911120460961,2259.9622348810276,79.67478553690569,73.98036849692727,12.069126932398847,93037.1378337915,952.499181341739,36.27684265268242,0.0,763.2973519791677,0
79.20856658779289,2181.1743947696245,64.80930062426626,84.75707176717074,13.31746314056624,164206.05375136755,1040.5018866375544,41.27436600160984,1.5250104527406838,395.82021084422655,0
82.09746906436885,2428.6457206137047,74.0455552944185,63.8362895850094,13.633039222959207,226270.0646869056,1080.7921195998742,55.6148546724,1.7641687524784826,612.2921408482816,0
96.11695572142546,3164.860322292428,87.6484221117145,58.069453804411566,13.178637775207111,145837.14827788563,1030.8365219777515,49.19858815243096,7.544657542649356,659.2899096935416,1
92.01382143340874,2736.829761003212,84.81060009369374,85.01688462132063,12.835527028944124,217293.8021144225,907.6679937871044,38.95464853627526,0.0,100.48881930807832,0
83.38230469925114,2269.80519895129,74.40132865040609,66.4905242719662,13.414383663120281,240913.33832793948,900.173017906354,53.37683238071966,0.1681500147825934,1221.8375901572513,0
103.63239011416593,2470.611832597205,91.93906740591994,64.43828324832397,11.778981000466317,223637.46852482783,947.4857907743291,59.67308449283787,9.720741974264287,746.123431108537,1
99.27973605064118,2606.7510462783603,86.28311473850614,80.1533113621001,12.40884537247098,216309.9720995891,1049.8121233380814,32.28370345660912,8.022507760694962,1248.754837877777,1
87.57547458656494,2545.9749140324448,80.04089566685225,82.05846734557184,11.722633945839288,71900.2315269267,956.858150770237,33.2880636820844,0.0,259.98524569039444,0
87.84869842951494,2312.0868353857763,82.14289168407926,84.70098110664827,12.822028236132951,183122.86221657504,1029.5101510709078,48.21180435327075,0.0,1125.7742139273496,0
89.22371750635524,2615.982364194872,79.32720442555328,77.44431657562845,11.685155307808936,186242.57879092725,931.7662709145113,34.71214491879981,0.0,436.1993190336499,0
87.3085362126385,2223.751141709561,75.13098701918149,61.967872720048916,12.125463878156424,135294.54180762923,940.3876282387862,59.1572237244527,0.0,660.6452305310188,0
99.89021449356136,2399.497786676286,90.57383125763329,76.68451827495383,12.263911668298382,196399.56424574155,988.4177834283596,37.10287130645864,3.9649942054560894,784.7206268024156,1
91.13369579241206,3102.468938435528,80.68932281119888,67.00780534050143,12.883291438448744,211323.9268511423,922.3546922143627,49.84384562703276,0.0,1281.1993517614662,0
92.99022632575932,2186.8748886158087,83.519221724457,86.78649986983532,12.475853951979026,190977.5603810974,1001.2878654726596,51.85105124906505,0.0,863.6116221982666,0
98.40563968762163,2257.793580633879,84.18411410347643,81.02421249634718,12.707224937369617,125661.5045687684,989.1485950770223,46.859963572098344,3.5729150979008937,1118.4331695797873,1
99.58712657072525,2184.2198947705624,87.92667883240942,69.7152429124992,11.530217319391133,82449.8853227011,1084.5891423315527,58.07276450448984,4.054238885648161,679.293803070139,1
87.83415675211921,2127.098981389793,79.58992007942473,63.37254854130061,11.855476190103845,220579.79295405626,1090.1479775896432,54.82906327460461,0.0,692.2044659673718,0
93.84896557878042,1943.421168101448,83.02226848032647,60.55800630798076,13.512648477098207,62472.32588614291,944.4835462415655,44.53217753941207,0.0,847.423580056625,0
83.90889540467332,2326.8066732102684,78.42537646854525,64.60200418900178,12.673219743096917,236306.80248756649,1044.2493288922674,50.53637539931773,1.2123907589871823,607.9799286836987,0
89.80547290401375,1977.4784763086627,76.36220077479292,76.83300128873044,12.411444024818937,84104.35365452079,965.2357934128821,55.26554223831952,0.0,606.3974507358723,0
102.0604809998626,3282.988980357224,87.13078431106496,86.22033010485809,11.93248039658175,96296.24136935707,963.1417440074028,50.453547625924074,6.9505583647894,1159.3050865632413,1
103.13355569041163,1988.4703505722796,97.75033241315845,86.379285957332,13.575511882258956,221368.0789409428,981.2180111294816,42.49605051747103,4.898609752336645,1026.7036274795835,1
87.54731347871596,3193.7027354421584,81.05085596345947,66.06784912967146,11.971740477697198,157875.0022501064,1025.9682350870648,40.31489481678099,0.0,380.48481196737526,0
86.54830129881123,3219.3949876509832,80.88026449634697,69.50343390457161,13.32827066057719,69815.33690554483,1006.0432030801503,53.47335777976964,0.0,818.4045827861119,0
98.85167454925056,2691.694634778898,93.54773152080494,57.10848628879206,12.355051714095914,208627.29284777443,995.6920802618392,39.45388156606277,5.728268997899833,995.3967259322496,1
101.96276989167559,2276.8286404768282,96.83560090224238,87.03435916130161,13.42352461369898,148062.6257230178,1048.9273444661076,39.60817192011784,4.430937245834154,372.12209734417087,1
103.81739863856016,2551.753485121387,88.89344358411611,56.148096044093464,12.325356583709482,153754.67052225512,1084.0364757928735,47.35753942431794,3.600279109304658,122.5695919443178,1
82.31051010474803,2243.005131796095,73.8893593360513,68.81713151337514,13.010701377234856,106661.93843023342,986.448248206578,30.762514117600684,0.01574205907412085,488.9126258014183,0
98.8502060359522,2794.64177987743,85.60745893241393,86.02426552263432,12.175175420856343,172237.42830174242,1032.7947540245445,45.409853882516956,8.183552791214806,759.0958899105038,1
85.93350503358128,2181.7261916004973,71.03404196638796,77.47217880646244,13.606303805474868,107728.85196980572,913.9251464736542,53.942135326595306,0.0,927.2342925353257,0
93.37839880577272,1969.0330127015293,79.4373956222574,63.947500874711345,11.599223963268898,107063.947401596,953.3902813456591,46.69447163067036,0.0,1207.366271598601,0
90.38730940940769,3013.4427582861367,79.55800787060308,76.5137943632288,11.805988231638286,167101.98696205035,1055.3304726412068,47.36606433002943,0.0,200.71263088147032,0
104.64378407350986,3175.8773450310837,99.3422802166176,77.98392145070115,12.891916214487573,69237.92436522224,910.0663253953522,44.01594273373894,3.9941158648861137,1181.5902072228166,1
95.77548704546011,2389.02769969476,88.51529186362552,62.139247000635784,12.613286855939801,71124.67200116225,1049.4064407278868,54.86149201315246,7.38181156711748,265.43128886223235,1
83.7726982178704,2386.388752798803,72.29436025625618,63.01371313839786,11.770529162242317,160898.6537819653,920.6575298322799,51.67403170062545,0.3943433720169245,281.4271650554033,0
94.49434894038512,2078.8046451747045,81.01069291732222,86.79343904722913,11.913749586789423,88533.07712504151,939.2923844504046,54.434223653093056,0.0,566.5610451860769,0
78.09784047616506,2588.1740865573965,72.23584167968016,78.53081791999641,11.831543423817436,122028.53952785241,949.3236853025005,58.6501909744523,1.0671532600596982,191.48330935178893,0
87.52076905620582,2286.4533532950454,76.3722043891152,61.31430329977911,12.86338309766583,209776.30542394365,910.3951967928223,56.02243606774974,0.0,272.9845064832395,0
95.10057413444702,2079.9225282200377,87.75597430495243,66.60636013903033,12.747027129631793,227648.67488389555,991.1461871522213,54.09579855685478,3.8935842247580092,213.8132367870154,1
97.38889340558367,2155.132269875238,88.56469296292651,80.81281459626409,12.057048762255778,246668.76830155254,972.6142218863987,41.502176441802646,3.984259677921465,745.800874147749,1
79.01135386798863,2655.8003650105547,68.466310038621,60.49893939245896,12.069686999044725,197019.77584543126,997.881809132132,51.77596104131706,0.1655548382471106,681.7731777392127,0
98.49431899063629,2605.652003220859,92.23259608432154,87.57701210369117,13.344364800332045,152533.24328920568,1042.3568368228364,36.95254680696874,4.688656209305902,551.2231951569922,1
98.74407886845262,2311.211844835431,92.512232054815,68.99777810249034,11.857770525365705,179885.19118399383,1085.4350956145468,45.82811382626953,4.112328352716817,530.9334984651508,1
87.5693410440613,3070.7026305442578,80.92861067625986,74.01706942669347,11.971461734794975,110454.96709777458,1028.5539307407785,43.08586208890139,0.0,1055.724876648369,0
82.85406612299879,3121.528819866847,73.44777323957922,74.66127881024855,13.659353919086948,182069.44884472055,1084.3014179619508,57.71893418336562,0.6140544085767439,494.2656387726624,0
86.84358597017513,1998.9730056690125,81.68266378264556,58.766945263517314,11.7232342160082,158488.85257745924,1068.0849891754713,47.356226646276525,0.0,171.37893468632979,0
91.1922497914469,2463.5910417799905,84.34597954244089,58.41030134882148,12.368628118993403,247498.45641069577,931.1001714970325,30.144636920957765,0.0,513.6303963726823,0
99.99860017613783,2626.5758728164906,91.22386160390539,60.33468496496691,11.85188794017322,200475.2018176886,1092.3462574768073,35.15271758705023,6.912303009797596,816.0716586322729,1
91.75562837687463,3275.8333998012213,79.55688753402058,75.4416107750129,12.926653602577444,123049.63898308272,1080.694394735239,53.48166626340638,0.0,606.4371435844489,0
91.63674216098069,2072.7850556538124,80.75681408307733,59.02839737494811,11.553253271806595,218518.80472914435,1049.4994164830437,59.867569306472134,0.0,568.7250696922563,0
83.54858597635669,2705.317215010018,74.53482501855693,81.95097523483935,13.317100766685973,120567.67682824939,1053.3728468814297,31.261919399037275,1.076753423512286,1116.9036843417948,0
84.62539213756868,2433.187901051261,78.59814949520195,80.1912467540291,13.030364595610498,105970.41948660105,985.5826381676795,41.44004276125865,0.7456587780149015,511.4289541749179,0
98.28476907935581,2379.092357853702,89.55927432666299,87.38718285780843,12.332946149440314,155920.01890774857,935.6271147255617,35.22981899080533,3.891463982492025,540.9517857388565,1
87.25392616771336,2570.8709566991565,75.89120691905684,67.69987205810772,13.01599192913764,217976.6424925443,902.4622879417553,35.11089377485885,0.0,1260.5704420663496,0
94.24426965316249,2305.316574411577,88.84914980958756,75.12682247149365,13.240988566101652,191216.4846749895,913.082196406332,38.668060998744195,0.0,355.2246996888935,0
101.13357621373481,1971.1127103151875,94.37500655659747,68.79979421464796,11.526783636180355,163335.0562624065,908.2074167233313,48.97941879935076,6.717968297684447,1180.6504754343741,1
94.97957820840641,2400.808066277493,82.21969887437731,75.77007574919591,13.166583441223558,157355.57075335918,908.7420351086374,39.37674041065516,0.0,568.5003514873981,0
101.20098494952654,3028.9379723028333,89.4883661169943,61.87983530861742,11.771018591971355,187302.41017235856,931.4206864524593,54.587187994854176,6.657023785624463,991.4249694628936,1
101.30734344792955,3183.8255684369833,86.40927358353497,59.53459911854057,12.195615848087972,158767.84187534387,1042.2662566474658,44.31562825798257,4.049700219448066,224.22456742697563,1
90.57315024912938,2844.133740111209,84.64899972335866,76.48498231646688,12.876157233965888,230375.94995392364,900.6504989340295,32.13540320372801,0.0,821.8401343970888,0
86.51289336170383,2347.297008217804,79.50462816109679,81.53433333312782,12.27211011494858,139378.98429082456,1013.5048789724882,40.68027046980046,0.0,1236.811512557498,0
92.5294276834853,2960.3452129688967,79.65644335065922,76.12997396268133,13.203263498119336,248716.13981584695,972.8037138714714,32.209018889011965,0.0,342.42749331422783,0
82.58560783380351,2769.1984694784123,69.2347622219797,72.881399065373,11.815488303551673,151792.92240158713,1039.4364407445541,52.539089468993026,0.9115146519813482,1048.3672262619586,0
96.68581188315315,2695.9086008043296,91.65707274880764,55.32008158267073,13.078904644730853,224928.399197105,1005.2246919774486,38.66821501554081,5.29657941721333,1090.451271332105,1
96.16214764345125,2779.163309423424,88.83363878924145,55.03589546602941,12.899828746229991,191100.40902938525,1065.4543783332283,43.833454632267646,9.416024236070864,233.8345976139879,1
81.72258188570655,2344.575258152832,67.43083596071318,85.83683585678617,12.595484298217485,219987.234075756,1011.5905571451539,55.760863739825155,1.1714369468581733,388.07265644915617,0
98.73247531970368,3201.6538028723508,88.55521324085922,82.6698241116903,11.758559287634194,192781.53176095113,962.7992425299759,35.035878832483895,4.447403225538594,388.3701242958865,1
96.45587864321311,2713.8284338289836,86.4193499401867,72.85617316547501,12.99530323493002,64040.209919882866,1060.432048046203,46.3586620337649,4.394418714742134,967.2548628330729,1
82.39750079162118,3283.08042842105,71.45432607821168,69.03089362354343,13.290801786976814,103058.31904443407,902.5763589837671,56.7453422275067,0.647381616919898,159.2373671049287,0
83.94281303571748,2819.8829416207877,78.68169978687281,79.63179827656005,12.15241339467175,224508.26285855687,985.7348492862156,52.69643846522867,0.5176715326731356,1114.1573559657704,0
97.72898339797646,1985.914105812003,88.34076505664203,87.66765519051695,12.047275763281826,221078.51261774873,991.9043415500705,52.67540015709703,6.980593193992972,680.887359195773,1
88.35541224735731,3286.3885546929628,77.71338567214445,57.8838083253292,11.69940270901527,114503.14103728454,993.7473117968672,32.77906728309085,0.0,1031.5822026596957,0
96.9804000358186,2796.8118756121385,91.95185199086032,73.89295404017045,12.807510933801755,132985.24299668008,1032.8003487141696,30.977826636475776,3.007906637513217,1138.989485000598,1
83.81977916498651,2841.0763706151192,69.66629397688962,59.087437746628865,13.492336345238137,229924.01443206792,976.4249310729283,49.18889364509718,0.4209376738173307,474.4238202165854,0
104.06145582862136,2410.64125565813,94.14867994057101,55.11824195482054,13.59337057674875,159476.25094219408,1076.565407211415,45.293411711435326,7.0560422315161135,530.0926286164336,1
96.68759739448573,2265.9423031913516,85.67258838352873,58.485745067284874,13.58808579619821,214510.36214683886,1027.5199521494221,49.61873940125754,9.642658456030848,316.67743984111644,1
95.13402170229992,2064.274284619781,85.9525859175037,68.24692606282181,11.53701569027245,107335.50906894452,962.2366833831903,44.507890360721625,7.870106257964035,347.95156403096587,1
86.29729032577949,2960.6202226884875,79.56824052490455,64.01045595301196,11.883599743389626,154642.52767752262,1087.2200534314275,45.0107521190091,0.0,863.1850766500571,0
85.49732935489862,2629.163336261706,78.60262677292013,71.55292623263414,12.629298700686816,217567.26998826236,945.6794478807694,51.101457893183465,0.0,946.0887634650147,0
79.16854542691534,3104.5017279178446,71.4285864173087,65.36427640412668,12.232930633176828,149403.30058396,1040.1408982326261,46.20899623270458,1.8301775784433536,124.44060511404885,0
94.6710883020501,2459.4598025064274,87.97607525622084,81.7790576778836,12.746095088321097,241980.97126257856,1084.5561970413578,37.761387794802545,0.0,433.99206414986867,0
99.89733918645564,2055.6724377385194,85.96652443903207,59.52115615932446,12.304425194068934,67793.50835890372,997.4398074588,56.547309287565085,4.814634481211275,163.56327834506362,1
100.44480461157978,2790.7903396573392,93.95781505226098,74.55558601880139,12.233701430258499,162157.20513406018,1057.0631534160623,54.107601327186885,4.9621783140880575,775.0286839533451,1
103.50277684398294,2295.543141555595,97.07389356542136,75.54814814052104,13.273542301085847,247016.89467445435,1002.9049469128431,44.311002519314215,8.56902567339769,653.886440977274,1
78.09907791861907,3248.47011970907,65.39064589156395,61.39834714128706,12.099819402024133,183424.54414585594,1040.0505195814526,55.28788930398592,1.8749098060700462,954.060460988806,0
95.80131958090274,2707.7361573341723,83.73311724596019,87.95535243261901,12.807190355337616,101727.66123002442,1075.577449849373,31.912649640119575,3.762524332360286,371.19021227076246,1
88.89992799589643,2298.810769682431,79.70509739180974,73.46903249868731,12.15441389389969,89215.86577933482,991.7818284955723,36.14097915375058,0.0,1231.014584787425,0
80.23589939500692,2349.624960735226,69.93979687651591,82.9865698116339,13.379134037241972,137836.86697702142,1074.635346966097,47.509230205153486,0.25536706212631133,715.2110031700249,0
90.98787921189228,2125.2082079098336,82.6184802034515,55.087487178006626,13.053290859002498,89260.54726080658,939.2899767424385,31.60489800055619,0.0,813.3732052565847,0
101.51665578644494,2992.099033320176,88.30533709484874,64.0306238787017,11.564547153529508,65485.72273690404,908.8692301126932,44.30632402815438,7.892441093910788,1297.0749848982573,1
92.8551197845641,1930.7651362183713,83.44360419418018,78.73717817757178,13.613210144066588,84465.55429176286,959.543213359219,48.40554090991988,0.0,308.01392246606406,0
94.36435440387503,3093.800822059606,86.20839838148312,71.22956601053733,12.695123558720612,109693.06865512798,959.7168856234102,39.76690896440648,0.0,165.00833855065093,0
81.90187024959143,2013.8815052929558,75.38742577109052,82.83561807301895,11.746165677827886,164019.53842519282,1035.0514113643771,44.66684657731462,0.3408482357305427,317.07150145689207,0
87.57235763044878,2121.861057836095,76.0867999770233,60.1014472753051,11.94407510843465,190754.9351599156,1070.8011386427984,43.99739341475433,0.0,285.3991481224892,0
101.17602503702432,2497.964478865486,86.60308581306268,85.73083110742007,13.310719969230023,235633.679340902,1071.3437256323666,55.694540795664764,7.013024389610304,1190.9140432246963,1
98.62122148841102,3221.778673618337,89.98857092053639,75.91173501356303,13.258844844176252,207271.39525892626,1037.4529813720499,50.10282283657593,7.322668785152625,1275.6834167817594,1
80.2621721048832,3043.8574150612426,74.85214793139717,65.45167932568505,13.34566624029089,176209.90461047745,1007.9584017026353,53.594952370599614,1.3378703584074119,1201.0813594457445,0
94.1427640360397,3170.1650886640455,80.38227215805126,57.83987551006565,12.94048442677078,139746.4891472201,1051.2060631350828,51.554892855462505,0.0,766.471439821492,0
93.1397809834274,3253.577942645581,78.72750002423405,57.52158667940744,13.073188432972037,195180.97425271984,957.4298583500916,42.433197609622255,0.0,1118.999785592889,0
102.5281610334256,2914.571165479313,93.75803565408398,64.47676825267304,11.60442762199838,143668.25326725244,961.9442143676588,48.068356398558464,6.975027979574844,717.6626377299473,1
105.99041955907929,1916.7896985837303,94.67593777178011,62.76267180274484,12.918759690714948,163194.73638804955,930.061905476635,50.45064152000244,7.984794708342701,277.36736955621996,1
100.64515650196284,1956.8941032579119,90.48687601424753,65.81623132653937,11.61738488448134,187760.8511851261,1007.1255410747303,50.5267927873581,6.931220279167185,486.13308686504,1
101.10820418633185,2544.842689030411,94.62814863067352,87.95652291685373,13.11837460431205,86510.88669317268,942.5278327982737,53.794685932103846,3.1162569216716838,1047.4432830436872,1
83.45382043613515,3153.4365685282164,71.51029072037484,67.46724224221914,11.511096017967121,171558.96738435596,915.7886340979537,31.076955139322614,1.0649787984397345,1143.3707843187067,0
99.82500489646145,2862.437341460076,90.68598613228329,61.23669084911653,13.69402973601581,243075.62647425907,1064.8504259519132,42.06608416755251,6.184958231649466,478.8118282106361,1
101.51490686344954,2917.190042378062,86.66237831306492,76.84856606600441,12.546110789331163,154913.32117312937,993.2589739770536,33.83810553304118,4.2351132560834985,1050.515295296604,1
105.42117473604608,2692.703396176744,94.12324691788908,58.87096515944586,12.135429355937463,186644.43008406746,996.1099036981022,58.27960094496883,4.079226390958442,1240.2538796986855,1
92.8098670699848,2503.8431421797777,79.1140387620704,61.172430353599616,12.405937178878995,133183.2091022275,1079.285834841564,36.165325051242476,0.0,818.8860064375315,0
87.89019954117188,2613.2827075808254,79.3626070881385,70.16801196232537,12.12473288589943,242927.65964193217,1093.787986921939,40.94194122618671,0.0,1079.0931480061913,0
79.87109171582999,2517.808950750072,71.90903202419597,67.04608843645543,13.2421210484697,134549.64419884412,955.1934988766076,32.72207430527565,0.03085276798653558,725.6984469259563,0
98.27634932651507,2640.970621066441,83.97796119974343,56.65912515105697,13.280952842949146,90982.02033904515,994.1298040164784,59.12847796869022,8.294684141748505,258.9022486345299,1
78.15784507238716,3194.590430887115,63.62571015899591,72.44883186503182,13.27637121404695,177769.19235819505,1096.2635789785802,55.03350600433477,0.15346852434748737,507.7374810248606,0
87.67271044936503,1938.1550521779113,74.18771272988255,64.57645997198146,12.90287578266836,147991.17744972368,1013.7962356227303,35.38659420861026,0.0,1202.3283864652697,0
100.94323353759661,1967.2513906311674,91.20756059853525,86.03684583950901,12.498753295883958,64713.48019367008,1077.1803912000655,54.674471321892554,7.054942663590792,999.5432468048521,1
104.47136450974953,2712.692323826827,98.97457549686939,67.05057018626474,11.842248217369384,150513.10674782319,1033.8789784706732,36.56721558769431,3.1634626751572807,427.69599738356266,1
96.60168471775971,2987.988737271708,88.40656200908437,69.18209440971935,13.192082479334433,142931.076941229,951.6651195257897,59.23472295296112,8.916587277583421,187.53317568358932,1
94.39676771178054,2702.5375916917706,86.05706697792219,78.1669308601077,12.95219057881323,140984.3516504638,931.908682664552,54.05902939358893,0.0,244.5599340044492,0
78.59031899132512,3120.830919071511,67.88047733720298,61.77792569094534,13.089413720375827,95752.08671990182,924.3135475110884,36.68979104099741,1.3800483431887804,1134.7280059670263,0
102.98993431687765,3121.6202248883974,92.88347151267602,57.60740616492142,12.361170926257229,249431.25542733437,904.069142273188,54.58954697589337,8.75667977329662,240.79406691495427,1
84.18269879774812,2200.191929549832,75.417958093093,66.98436869663492,11.766719833084775,195717.34682932857,959.2837257442143,57.0184762840173,1.296959963256738,212.97989507013727,0
