Engine_Temperature,Engine_RPM,Coolant_Temperature,Oil_Level,Battery_Voltage,Mileage,Tire_Pressure,Fuel_Pressure,oil_level_anomaly
99.70368993035817,2169.596300806471,89.97536546913375,48.86040407959347,13.220454946751955,138199.74046073804,974.7416985639929,50.177892072211,1
92.38814985370144,2780.5004230062773,87.154246014036,74.6104701016111,12.879763820590382,87601.92995665436,984.800755733258,45.55386561679455,0
83.07258823582615,2587.112475045808,73.92666405218368,70.92943660003839,13.214998288360963,158132.73938088553,1046.3700268845917,53.07934513412876,0
96.67487282899336,2145.0808633637052,89.15398033430681,65.54894560926452,12.273747559798096,180372.52960524033,1042.2055791333562,51.73252971714344,0
86.42150283827637,2827.1562861348425,76.61008616371443,40.50633911044762,12.542239087456478,50260.74438600627,1033.6077233888775,49.278420828185276,1
80.80127930999423,2991.9845824813215,74.98554260022739,64.5232221253997,12.615847003231154,105197.36585818115,950.4441215987507,40.78364786783523,0
86.47082905203658,2680.075349230629,72.31749808435038,61.69625124712414,12.610013484779405,184098.3685169875,992.5888084682597,42.10460878308027,0
94.39711977613655,2705.0601001652185,85.74663107467634,43.13536350669473,12.349783457527883,148522.39791270054,1039.045240177371,49.83400904392938,1
98.62411897210127,2528.409116263485,89.477992529644,71.01850579759268,12.860113011172123,79333.76826112256,960.8504321443245,49.72393951535319,0
85.66088720138625,2552.261032522666,76.93619768216999,40.515616961152986,12.012453060861612,92961.29691874504,956.2165977224415,49.437965009984154,1
91.10475255252044,2429.8061959173046,85.66207417209439,76.71280848356076,12.167149845717685,132129.5219386372,994.3523068391739,41.2522819087267,0
93.96043678219688,2914.840251937975,81.57909877559581,56.565960094179225,12.884029972931135,121130.3232809063,960.6353976850528,45.43880463502488,0
80.78999976580633,2964.7699039701847,70.6000647460839,44.182104173995505,13.417910524292552,131670.65791596158,1047.9426904992551,52.31440942749317,1
88.8001625967618,2345.135132576797,81.0328390671275,82.64913394395349,13.36613288633553,52140.22450547956,1015.1507370342592,46.7160657885749,1
87.67742033199757,2005.9335859076698,75.30216247236125,40.02575664073245,13.156869025819079,70586.55630843692,989.5109225343812,41.296100999548216,1
83.97352056055968,2741.339031659635,75.17635918114591,66.66492324567156,12.484616555900287,59961.67099599779,1023.0619324076351,53.61664136140754,0
86.16599393163492,2314.5521749831455,74.32455254423186,69.55606770634361,12.489202891038845,186364.58437774872,960.8747378119566,42.01167827866041,0
86.38223606846465,2874.6123594945125,72.3967134982778,84.86866795080078,13.226070350375373,146332.32347625692,1044.0810387122606,47.562794065086536,1
80.27531399755496,2566.4663071616797,74.65554424345906,66.15728475997,12.94532361548013,196438.5351124507,1016.1121294065513,50.128574234788616,0
87.32177332273116,2223.1208695803975,75.35923767736035,45.10875982102777,13.265641897714447,106847.79767883228,998.159602002584,44.52918085959525,1
86.78517208002664,2029.6879706634622,74.2810427463081,52.25793858632619,13.212271973147425,129951.83345727071,960.5093719334052,44.46456286608986,0
82.8501061249096,2872.195016543756,75.64863028154504,78.69599730027741,12.837261846931538,84415.03849758537,1006.5924864898152,53.96033429724997,0
98.81087544319506,2595.0045576998946,84.85778008784845,70.11066575129774,13.42743556078043,71133.31537491365,1017.356093815108,54.897210365013116,0
89.37431067668916,2252.4396693192584,80.43067391333453,52.027677136385165,12.175869382401421,111654.67250895238,992.0448760738007,46.63602014479093,0
83.41272372915587,2258.9973877497846,68.65090487920953,58.934220194292486,12.632081986617685,51626.45796797755,1002.1936102224745,52.589731154227906,0
98.81999759275301,2314.760093628252,84.50150011324074,40.75145196948195,12.35060027329999,140955.45536890527,1031.7856014440124,47.87628618025487,1
98.102737351828,2795.88721050618,86.43196249654824,70.77191417106935,12.514155663800732,150167.53796738083,1009.090486218019,51.736004568114765,0
87.19280218632949,2937.9118277029306,74.82137873346291,65.82847851705415,12.472039242588126,174373.15243779874,973.232894307225,51.620452266864035,0
90.78387735301048,2682.5747672193374,81.5169218996576,59.938973043640864,13.207245631649814,161571.48090444133,972.5586294180589,54.67071998085881,0
83.51119851146711,2222.9004996875647,76.01836738786855,66.66424840109296,13.206958772864192,164362.47939569457,1042.8057318739752,45.796120113912686,0
91.48490514553771,2335.870628392874,83.58280455264145,77.75490332793015,12.927753801599295,117263.21065366598,1007.5484871630902,54.866222965995476,0
88.63260777499814,2452.551894603036,75.7916125471441,48.8021532813433,13.396530033395816,94489.28927150075,1000.2873429318305,53.36890773671356,1
99.61058325128346,2781.1169444571206,86.16276523674308,49.102358828703615,13.271629974382662,128007.09144085093,1013.0500596883028,51.85928811441977,1
98.08353068663342,2674.651041572259,83.81628717306918,61.91748987807611,13.070840773792058,199934.5632092463,1038.7035402083802,52.68157305814175,0
91.55107915766015,2571.731059573862,78.0861299810089,78.79756864835124,13.292105495912224,137028.4182999879,996.3104065553146,53.125073437950746,0
87.64915746636605,2433.5348998156283,80.67818575258532,70.28453245807981,12.881976180608895,115709.6835205391,956.6983943513562,40.10478970305813,0
90.98721736663003,2975.008802566823,76.98412416871923,71.0543352007974,12.049737894983764,194047.89552110987,967.3526549852571,45.146850494357736,0
97.21278412838606,2563.6464793975956,91.8910281338819,79.83643797709536,13.397546628601477,60329.974730394206,1046.6268014024051,52.40370815215461,0
95.75356447666628,2173.6473945906973,82.92094241948458,46.734712674448794,13.1501081097862,114758.93772753075,996.1069049708113,48.16508593565601,1
96.51083152381139,2696.210168157386,87.96480400601331,45.52059771670713,13.051162549932819,167133.08160417114,998.5511513213855,42.401978933644074,1
92.13080527291997,2011.0648067018608,77.2918580988617,51.589692554327655,12.031064086369753,135822.198657819,1029.3932392349293,40.751948633507105,0
86.2052564981893,2216.2798056933825,72.19444472516142,78.0194258874818,12.406842496673503,181639.48144219996,1012.0371078837959,48.08311545750449,0
81.05076333957813,2392.1079508231364,69.909772556614,50.53304581118627,13.085655698882526,139605.02159220132,999.8245269531756,51.806850314488585,0
89.52521471579863,2622.9800375921436,82.27884035664104,51.1456007695565,12.3623387765323,116572.31892258291,1016.5472804652825,46.168162536831176,0
83.69659916546173,2669.480336426481,78.53396953164878,40.71609361601749,12.47243113831531,171724.38647184096,969.2201923842911,50.6549000303832,1
95.98705464174779,2335.4356576203877,81.22145083450356,79.93526802226042,12.651502160905672,138281.74137350646,1041.8754540343846,49.02399470538264,0
82.41306247526593,2111.1267131038708,68.93839206103898,49.91880517417029,12.675338347071488,165607.9779156124,995.7579759490296,40.95873146434995,1
90.66795029206733,2452.3227734069114,78.19897763261481,52.41211502574149,12.740711203031447,185496.82966176487,966.5191494667902,49.406517866848134,1
89.74165322160692,2126.0599129459333,78.94545933553417,82.17839052606288,12.330839245650065,99668.98677230452,1029.4540313043567,48.69391448699771,1
99.0223597211372,2368.9573595327283,86.34292451150331,80.63064910203441,13.498719587962963,165651.42051721417,994.4089812021446,54.77826349060933,1
80.61867067351933,2517.161736316818,73.63957718142343,80.56125968013376,13.10349074039901,116530.58686117691,989.1656592998695,53.90147947209492,1
94.59381676166745,2256.505284199866,79.75253388574998,45.1691617175049,12.48834958801782,61576.33075609949,983.5498117121396,42.6640214241287,1
96.08975398010864,2840.9664433876037,90.80158084703268,64.33231978797804,13.325979868845033,153706.10080891865,1005.2601421929219,54.788612867522204,0
81.73801802593101,2965.9496863311615,75.19724992987057,73.32532208783545,12.190094418307316,65086.12800018156,1002.4287448270937,51.410712004795336,0
90.13600733292053,2326.163503637082,77.559917013731,45.35743882803495,13.101790105789178,57627.73485731655,1012.8196034817855,41.14156101790351,1
87.26098030732558,2914.112194860939,75.47975875823751,77.7057393022816,13.005812669529973,152166.80165679398,1003.4505141687254,47.49889885754151,0
99.06894366505475,2312.1913498228973,87.77671587444519,41.56141510685688,13.385819942143772,72754.94778847648,1032.9300625606916,49.564878066019766,1
88.66907964039092,2105.308545914583,76.20329325258453,50.81146960036877,12.47039890825142,56366.56561070971,983.4626403909671,45.65777099226519,0
95.968963207152,2736.800284417639,85.66526761649527,63.77294808818273,12.396117653438797,137103.456229434,1006.4672787740855,42.683928274385636,0
88.17910237767636,2229.1302635151524,78.80041956892876,49.5402474558604,12.338098076129702,128899.11269865112,1049.7732236336578,53.32611505493108,1
95.6078603695274,2140.121047196121,88.77861023224935,44.5501752858649,12.221904604380565,114533.53907715056,994.9471258348004,44.628527436895894,1
97.89711692139326,2892.008179435738,83.3395626253934,69.70471261320125,13.132437368201108,52075.18895401832,968.4557346308432,45.36739524916894,0
99.7153498624321,2054.8359030333695,89.51751421063702,46.8306660908528,12.370770680991162,52575.72795200511,975.8147322725813,51.44901105966647,1
96.07343060684545,2748.98167563001,88.6389219525705,77.80350134153531,13.146023233679987,166513.20155428382,968.0401428336575,42.79052329461886,0
96.42529500089736,2580.499909159261,82.90275171802875,40.72339916208184,12.39150009869697,100089.61677442992,950.6810117539428,44.13437105020954,1
80.40270596687056,2813.4956210387204,74.23886711240377,82.12557701767452,13.452182122783729,77449.20439160068,965.1890109620729,44.48852946411724,1
93.90159147544972,2514.997738304355,88.19413486549031,79.94820585826936,13.459384220087761,97732.72577487965,979.4462816640859,41.90716948431437,0
94.80145790853305,2887.5199055725293,83.57712185183249,46.30497205874624,12.39478185888879,91178.81686103495,976.7460434414764,40.35592887190402,1
90.57530375840646,2470.6410143729136,81.03979581397371,47.2459779593849,12.835917983295746,124188.42910452365,1016.8714771777295,41.40412030939917,1
92.02439445632969,2872.3088210838923,79.85038097034143,80.85496442379619,13.168699999595663,115082.45504724726,997.9014846935211,43.39968606550537,1
84.4486884336374,2853.831971477792,71.18652286723324,71.57157708490351,13.391993190684184,145571.31162025448,1032.0477759020753,47.01969377749343,0
81.07796106793587,2220.5035221737967,68.81738864557667,64.46286195380864,13.227828077315696,165401.41405195853,1016.6537534572262,41.69565684854043,0
87.50344902068574,2845.862838596921,80.51564258310741,72.10044360565017,12.742779271022291,134604.3890960362,998.0971535817756,41.55143251771635,0
86.85788067256824,2747.7548593044103,75.27761271429566,71.41920646707008,13.38945593479759,198500.51713924675,981.8269447856521,40.4722171140749,0
90.99604089851978,2627.036230639211,81.07018949065201,78.40221334019026,13.417385933360464,73883.628994097,986.7025170216984,49.71042046171111,0
89.11452597908666,2052.200732465147,76.50013980917566,77.49563414914577,12.375527090974442,133520.22677133948,966.3611989274779,49.28510549313177,0
97.67368407414148,2182.488581772058,85.5292483145173,45.092163905934825,12.474449996641807,86634.89267123445,1003.3107672762394,48.60954753295479,1
90.31383609979375,2593.8346819046938,75.36031117527283,63.249500335262425,13.428529878163635,63310.285844596525,961.3258443304572,42.32314198606309,0
99.78815539990482,2501.8620980941987,89.80160100893394,46.706816670791866,13.382593963115998,124059.96526082265,964.8483603842601,51.25885172355625,1
91.63200115608993,2134.42151807466,77.75605080011043,40.18982317194574,12.303454725463345,94829.24656659109,1030.2739156277964,54.13189578887922,1
88.32742763248623,2506.599198137215,79.6699978407636,82.27880715541502,12.576218038378322,188899.78986194692,1005.8234058364492,48.971234669263325,1
87.46614443911274,2877.501486130401,73.87061316549531,63.535539116800294,13.395889300582189,173737.1857207144,1021.685909360699,44.03540612616221,0
90.89467019165201,2837.1154879528085,79.4742060077931,50.26340487147832,12.500754190520396,136105.74573049654,1041.9252572235982,42.99537082315168,0
81.19016465246206,2599.7296996389127,68.90762491737266,82.53707057204096,13.397766408227842,107949.64795373041,980.7933350090233,48.19048534425832,1
88.59760468894282,2129.7718486785516,74.3387155619216,66.56834779012614,13.06380706468451,187220.2720186461,1022.9961938783853,54.90316571164817,0
99.40140068335585,2558.9237701641414,93.04044300919428,75.12635263124453,12.6919234619338,68819.45141384519,1010.6352205717841,51.19198532474362,0
91.47674736981148,2494.146314325058,85.53839641569284,74.84279055369649,13.090917834271792,67927.97262739972,1005.5521221892252,44.94924500009515,0
86.8473958897815,2289.89078511634,78.51359485389793,75.78294966888586,12.400584466923041,169609.68599913188,980.14483075223,47.554196972854655,0
82.17920384596452,2440.290266023421,68.91567598943288,68.05837041608484,12.791397961372306,111826.95373208742,999.3671386993989,52.628473384076635,0
97.27132911398411,2571.99785882348,82.66534642360682,42.794376662871365,12.820047921619887,142767.926948048,997.9858486760971,43.417530927983506,1
91.76616284304866,2792.7467008178037,85.30496143602934,54.45209188592138,12.108850394029883,120880.8067084037,972.2341617951241,51.02256437470564,0
82.9433882850446,2142.4000401279577,71.63125199958945,43.83667398809009,12.711608265736137,170784.20509480278,960.2184885233928,53.90682047488819,1
89.06002654755089,2885.848609798916,82.44540418082676,69.53603902278829,13.31255107604412,174691.72750617878,958.5859753948946,42.78124685119103,0
97.99975787178778,2150.6174922168448,89.24320945540336,66.10864123638105,13.432671735388546,190729.75502131454,962.1463196271983,45.79095748734497,0
91.41702659058359,2195.594854795794,81.02489708494092,42.873419885246186,12.235838539590647,151808.2615016893,991.2771239712687,49.23337533629868,1
91.80358837784125,2556.9946805553045,81.90007172890998,52.850387087431386,13.020047582226637,101931.21401696568,974.0467535037628,44.074458061152974,0
83.60294855387778,2646.820444052729,68.89486733354255,53.3945240729767,13.47764763755599,187221.1110578711,988.0357847377448,53.3515230967377,1
80.56485326050564,2598.6372013796304,74.13001071404406,77.811768291833,13.219584840502721,73130.89990421709,982.3125902592416,52.61887745809203,0
82.07842399777364,2808.7823127199704,72.71699796722419,68.45937367205202,12.767152138864743,87828.59666029018,1004.7570291792847,54.898509941078004,0
95.35903057051372,2358.891156015146,89.13038666355841,66.1186237943275,13.125649240237413,158456.73012608732,1029.9651220559763,46.589110655385774,0
93.3342645667543,2193.4183132103603,79.5973513230137,77.000111547427,13.365638440666338,75709.28112084809,1014.4143401199688,46.40083841361957,0
89.11389387012265,2999.9062815431785,79.47301977123539,57.84799473214646,12.415424409118074,110112.35081666299,1033.3241287324638,43.07670744592135,0
83.59306861783212,2547.7289255049163,76.51294527853203,70.5482328479105,12.725702500701036,161830.79889701505,993.1964809346666,48.15199319076086,0
81.1635226458973,2549.5304865133658,76.15420931439412,57.06623940079612,12.838622355124116,63861.181150325334,1020.1904246016215,45.69437189006313,0
97.63507363071412,2825.842952191717,84.27301003708197,54.37010120003155,13.174154837038103,142632.44874339752,1029.6205743471646,52.34776402567678,1
84.54944999014462,2977.248271820973,76.64439253967251,47.94818133065536,12.135479706671324,58399.88769118894,1041.6857017245575,42.706845471596914,1
94.00534619988588,2164.7223518814217,79.79562945800565,59.51272226790732,12.640656845702196,96121.35984318351,1019.3182247997922,40.44605479664617,0
96.29271494388367,2151.3484442514696,86.25665933072169,75.98334059157067,12.233866700065505,161511.791025353,1043.3462728780758,49.01431403371656,0
95.30125929508412,2445.6242149083737,83.39489226687826,58.36022542849807,13.185706075266083,187062.4732340425,981.1228556264862,54.17411121180608,1
91.17947310836865,2317.637888837335,77.07071846767828,47.761683533294054,12.773525238307753,171177.30479576092,997.4121524760975,54.389509868044314,1
87.00932140597092,2044.7695097401281,74.00791519741632,64.38581378295443,12.148663140961824,55488.255647535436,963.713397115552,48.11471155031955,0
83.77959712242472,2504.7880843646863,72.77606594897388,61.80535764243748,13.205358673375557,116302.11301485992,979.5052688789425,50.2846786049985,0
92.86141844686105,2618.4993965240665,79.25285722593905,55.761680719454894,12.356761658072621,182082.46843308848,1005.8233868764502,47.50608115376629,0
85.10722412800538,2221.7645059927654,79.76828694952015,67.43704871019443,12.931973018994901,150860.61524990486,997.9625016541604,50.8489074760778,0
99.48797381390563,2655.6321311448364,89.99881128886327,77.77394674622384,13.196021443569736,193702.67844366553,994.9525998377309,50.99704940476658,0
87.10824180436258,2963.006011508928,74.87233661495411,49.30553445989876,12.971527845933254,155696.07225019374,1002.9385096081088,47.61620586868931,1
99.6157261581439,2694.605252474778,94.09700860061133,53.60391020720273,12.960963103471238,113588.53466115544,1045.61783037062,46.24335445875459,1
99.57969942013419,2312.9371540472994,85.20647799482134,50.198710894308356,13.257188070229407,58309.291021300836,1036.5114305088966,45.43857725886909,1
99.94824743829838,2754.1710348069237,91.99582151894606,81.71200761776277,12.507822581655995,93129.1214764041,1010.5070022246842,50.32401572011446,1
93.17777083047557,2421.244098167852,78.48081763386784,71.42658207731047,12.349256522501673,188431.42639080048,1025.2300470222158,49.41296328742469,0
88.59192549366283,2047.4389701117743,76.35025779906,51.360466944082646,12.202893685505556,100652.26445308971,958.835555487737,48.86766678936396,0
92.22381836007682,2961.4969778534073,85.40168970312071,50.33144520390714,12.408559355815784,105908.13762906517,967.8933086373396,54.191861122702264,0
82.52545772180667,2456.212257905416,74.22612866150419,58.8218875307311,12.646786873993248,187841.4418280794,1039.6068501494824,42.52454273003817,0
86.06516999531098,2361.733322282562,80.16873171354969,74.99082112142065,12.68282220533484,64839.90878538016,1028.4630182469066,52.48843582238064,0
95.31076247378644,2740.723377185045,85.97786911455349,45.60871927578599,13.068488629807847,162965.97524985744,974.8489803377597,53.948362790069346,1
98.30187510846912,2448.7352796973796,91.02460414386809,44.64854711748595,12.356609244669169,131590.5663670606,999.452487902594,43.553185413975356,1
87.34299529488071,2116.353273996976,80.98909560430138,43.643674986956384,12.228437112903102,138294.17795614596,955.5645658842408,47.550568714190035,1
94.64744657808114,2566.401033060288,84.26668153028567,41.75355063674253,12.352567736783357,190336.87779645753,1014.553202175539,46.94803663173228,1
98.84845233119927,2482.1130171215364,90.74383931067993,70.14061176685584,13.236897132655626,87409.93740357552,1015.9584322752347,44.03971529184024,0
80.2035036142243,2176.301617970175,69.10490393108743,45.6511825344498,12.857194988464961,174545.4945823746,982.254161597693,46.420250775837445,1
84.19809886201651,2710.077887037616,72.8491672936748,80.5305054215812,12.377603096660557,196175.10075126158,950.1220503337247,44.41642447142251,1
97.53473164944498,2264.150604123989,92.51823323368346,41.44138792845318,12.095075962969151,80009.21303483898,1012.6796454869217,48.91978038573802,1
90.28332172718935,2659.9200209518613,82.04979186626404,43.91958906035714,13.051170756536251,151555.06213329168,976.2665147226136,43.962080549724114,1
83.28402841488824,2143.3490209358506,72.96926002321354,50.176501791031384,12.807111382866571,138275.50344456945,1020.8481672113968,42.59241942267334,0
86.32952329994401,2445.1354374087714,81.05942661097494,60.71803397655824,12.675363468200693,183633.91385053625,1019.7288095204841,46.46799955280295,0
93.67858027487688,2629.409832806799,82.0387303896053,80.28405378086927,13.0894277848758,146387.30758410777,952.5747432159055,45.24857329959034,1
87.03267551209495,2973.1098989148495,74.6654499383723,59.450423620596936,12.596911073501923,97988.82298220842,972.2295108241442,40.40224488390929,0
84.39946608359816,2655.3585859205073,70.77926732663197,76.90398797809283,12.882951166581396,116827.9372155506,1016.454818392219,43.63825976297032,0
95.86441909219322,2308.587516392644,88.33578274397392,64.69798860841819,13.423780196024367,59871.694481767314,975.3158841647625,40.91145153035187,0
84.77874591324891,2335.1470715835812,70.26816798226358,62.68120448111798,12.62645642217593,136271.59440213794,1022.2832506783536,54.29456660262456,0
92.34331108264593,2096.7967682321223,82.2579243304664,41.28706654859505,13.270709916195358,166452.07315171097,996.7125966437917,43.82054421952204,1
90.85262723730398,2253.942817005488,85.81422121881687,58.443414254283965,12.957778627858936,174085.68261448247,1015.1174789375494,45.53761435783839,0
84.95428272968799,2587.209352577439,74.61502176439942,65.5595916610887,12.179612310317255,114159.31957707318,1004.9714821365307,43.20409939971563,0
81.26130204868952,2628.831524210853,70.93932147021442,42.87840989905896,12.261474943535225,90201.57488255017,1026.9457004010198,42.09122781887242,1
90.77648207476089,2099.0018666459064,79.74138656839595,40.412490720529696,12.273998789715296,112937.50827357988,1009.1982104357174,43.966803282875915,1
80.45409622728995,2267.7510486164856,67.60272307157862,71.03282455402399,12.151162417886267,81084.17750775999,1022.4621691509997,40.35894512822957,0
98.21806075286197,2244.3641900837515,84.6433683004113,84.02599874672293,12.597123177480826,72251.60675628591,986.2031371893947,49.95963992718487,1
82.19371296291472,2858.8787890784397,67.77311304205101,65.18402502060108,12.833573871097435,113731.44197074175,1044.0330995849495,46.831403537930136,0
80.12429114687963,2877.387768401593,74.99787601192267,58.921554169820354,12.191227097744843,147315.54196924402,1025.4305284541763,51.02893071574742,0
93.15395036147802,2276.920720662315,87.30178785226806,51.06821917331075,13.307838077055397,166237.50241276805,1046.4114016123742,41.056909421990554,1
97.10175181261172,2945.509315301977,88.02526428601223,77.7947953180136,12.090631929594887,147510.2836009292,1016.1101088750116,53.14390870022946,0
98.26191664005272,2885.6453594260497,86.07289887830157,62.251313558948695,13.244198047410453,145332.2044961143,996.9668293626631,43.39506462486208,0
87.87984548632863,2901.6131654023184,77.1115183477134,78.92744090521106,12.078170060879767,106313.61285507037,989.1625895995244,51.63114365573769,0
80.8952826251338,2311.8552653626416,72.82360117707401,65.96859172211877,12.019813602857486,78590.89898226698,951.3694170754276,54.634825354100435,0
82.9169999519104,2724.6499789799946,76.23611913438168,45.26407165881803,13.028746646744716,101305.17443369045,979.6997579847414,52.85512526646032,1
86.74724518509981,2593.68778317431,77.41120436478117,49.601997818716,12.380545118478448,106285.43577448296,1027.7321558677206,48.0039209260338,1
89.02943529125062,2279.2712936410053,80.64421613568167,79.0782538271684,13.484388476631622,99777.04368817709,1043.9973116104095,44.463954371129255,0
85.0963447929183,2905.206259133087,72.22397262898721,68.70450340304589,12.94116191999308,171844.92848394887,1010.1688500677309,47.82894141123696,0
97.99952902384436,2406.2740160130443,86.38816182083642,47.290350230883305,12.484790552322185,94513.29036762945,1003.5353928653163,47.252062304116265,1
87.76135362975171,2212.6281307085455,77.15786689239626,78.26950907850784,12.108876542049668,64460.87953121953,1028.7870979514366,51.43880996369806,0
97.70265150680797,2111.640955207854,90.24512568056088,52.225572146529586,13.182799247256426,53950.5821646541,1001.5581060619971,51.31201321323212,1
80.57970911126996,2154.356746681815,73.89566823167468,48.12152561621016,12.602179812857099,173695.65649535734,1007.3658599745605,53.31297815017719,1
88.45983154980098,2021.1239330608482,78.33090947933313,77.52155429208925,13.458213891103945,72161.81133535146,1025.7046804841175,52.611342028376015,0
95.05683712831882,2339.315268005906,85.81793805327828,47.49846058999991,12.872064769540676,157245.60074139846,1049.9733527435349,43.8738128660525,1
87.68157451016727,2537.6052522582545,73.30892028063542,44.982348930645706,12.410188980355583,74021.20835333165,1036.478364867272,48.16226513888475,1
83.47249165349113,2447.258086370423,72.56959994520473,76.93922205911288,12.638436869390095,108644.72827906659,972.1726489121459,49.149629519006396,0
97.05155095849595,2735.347703381906,82.69610820801226,56.0835158636859,13.236156864671074,165357.7011172598,1049.5666251631294,43.12398190939384,1
90.7463588717682,2047.0153787880329,79.17700708109282,67.0928360596485,13.088217979263916,61794.13167381106,1029.0720033017062,44.82335071648173,0
85.10728158904577,2513.7271238113485,73.13131572940496,78.05629680420272,12.71087785879737,125624.40193892959,972.2998342771277,44.63113384988717,0
91.24905515358114,2025.5664064612838,77.7723035183118,66.52928435812505,12.581002308725887,51821.93110499116,957.0976323455055,53.83243269705476,0
94.64888549195777,2105.9407876686914,85.25759034649484,72.13024651960514,12.151097899113466,187410.38427157313,966.9174058507775,48.900745696755095,0
83.10137196262048,2731.1092902999667,70.64663794187574,44.14979141200549,12.527945957205377,59137.17869418169,987.4877443272424,47.805885452586224,1
87.77722173966676,2118.2276758373705,73.20310117583732,51.30593507332374,12.00345064148387,155520.45379716734,959.2767787352418,53.54794502740804,1
89.51180224520212,2745.175464988817,78.46043493088081,53.03308128709733,12.724119317078939,50644.14608193577,995.8097186605925,52.32135975567539,0
97.37382236421027,2374.761171352347,90.70949353425908,83.43694007435641,12.631858680299446,113110.63847994525,1026.208837547447,43.81936630644121,1
98.17688836514478,2702.6967104631817,87.54059564091682,76.7896943077209,12.090833910167843,56413.75505420147,989.3062546850039,47.72364058879115,0
87.48516913413184,2936.4482988361833,73.39977419431301,45.820028631496264,12.148978533011382,59589.15780228657,977.1150680583227,52.858634727698245,1
94.92540452767327,2291.11162265287,85.24117050367532,63.13793609574893,13.181760314702085,181808.3231050204,1018.3718195705487,47.600357842864014,0
96.96657777095334,2171.9224053998064,86.55243625501852,52.38126028300446,12.77189944290312,193824.15090373537,1003.063327980762,53.640081433781184,1
93.5577616606509,2847.292617484549,87.73078796093816,77.87017725182974,12.356673245253564,198996.23239623348,1047.0892565610184,43.411492300704985,0
83.07244595458133,2918.6143497400453,71.08075926686016,69.24615432904423,12.497579179172636,152640.50937055692,1009.5005037499607,43.580033241681996,0
95.39860631822593,2547.724596748966,81.52831165085492,78.68725688151413,13.244718758489086,181472.59418608688,1012.1556802042059,49.39358297556279,0
85.54041427617459,2442.945217842641,72.47775862160982,76.02344641201775,12.475952462785209,101481.90224814549,1021.1455169583294,46.528885552169086,0
85.42759628692937,2442.668734381661,72.37631509023738,73.46531619055999,13.399052947545897,193058.6097260279,969.9782300689053,47.47710759810751,0
88.05242231174961,2931.6359598618833,79.97909587550946,55.95085129779055,13.47954616771582,97657.97617943186,1027.3699284369,50.660071328660266,0
87.04743301005942,2653.919961678765,77.8410833304433,41.97401772889985,12.453269039924612,148706.91675296403,1011.0221367731591,48.19944449128842,1
92.86628822506091,2187.599763036288,80.80964934776588,81.30232643366567,12.406590717724882,77638.2429829553,983.9297829654458,54.86395616102542,1
89.09358371464324,2672.160422937877,77.7979262952762,59.05341991759087,12.717615215913222,186703.9456885696,995.159647598021,54.906062946850206,0
80.10476342212604,2185.4521385729677,73.83572323343019,44.66764322897717,12.253090855953502,122767.5704086499,962.9146336548479,45.54512716899855,1
95.25216638761654,2353.638988772713,85.10706340611807,60.463174248040076,12.824334675177962,123507.00452154013,1003.1436026108055,48.81578853837112,0
91.30784011816199,2532.2284690450297,82.12626498967036,59.223979625646834,12.344286553558124,106337.73602919327,974.7298216152019,47.7304482577887,0
91.02131185820402,2286.582394793497,78.85439275654102,81.77965664055131,12.657227662106484,197652.8245398023,996.8318968608819,46.8562610104287,1
89.17696146037166,2352.4966107350756,79.6620571509136,55.69676891341403,12.272415115898317,99625.60534929638,952.5732671723933,48.246962083941696,0
99.13738033115959,2436.9818552514917,92.96199344570033,55.44644490597274,12.219040529703808,137447.42816617992,984.9010024627004,44.610370253986744,1
92.66778830923306,2478.6419436601795,78.77225452282244,83.80716036662051,12.241964664137551,123765.10545459768,979.1220522036875,54.830376193541284,1
92.02854380413751,2529.325825318853,80.06851470402808,61.87241554762015,12.881099865365348,67222.35326960287,1006.4315559557642,41.71696276077943,0
97.78513282996639,2561.122310379665,85.04460237114559,80.7902693347622,13.031999722641883,168509.90942848375,1032.4053006885013,49.775713932651726,1
80.72116341628075,2717.162058671151,67.2693464837464,57.88186654276881,13.108892719958893,181447.06690145197,1019.5250095723161,53.268994224297266,0
92.2660392778519,2730.984279273019,80.29815839326427,53.988455197376425,13.128199966786003,105481.7829830031,1030.704609529615,41.853218688627685,0
92.11628341321007,2831.739466114711,86.67056272537023,73.51787676178506,12.51931997905621,109974.49569646068,1048.5244257372096,42.63250059350328,0
89.47398246218779,2075.3852098428542,77.76584169697006,76.77290645201978,13.115269939566392,192459.5139893635,974.6049867020026,40.3925501709299,0
81.2960371022877,2721.8048440701327,69.27697121754086,67.17951458411872,12.925802795378326,179280.0897304166,993.3645414482403,49.235381813931305,0
91.39002469722121,2258.652424481766,78.10349157580076,74.48435328382755,13.112194574796442,147239.77817423161,1007.3760391043818,47.67361824172813,0
93.65709801261512,2394.6995057712847,80.65011767321403,67.41437544319373,13.492348457813229,167800.33871980308,954.902310671313,52.1991432986525,0
97.37091155979118,2410.976812105145,89.80763217375339,72.58210871787499,12.302603105911347,174966.53275010205,1033.2451060571896,44.5480678318264,0
95.43779383347781,2156.72922684381,87.63495511906136,68.28871981818875,13.083970570069594,111602.18380818679,1035.905526894367,48.71715956112923,0
81.34046029084593,2312.2253484773246,69.8901131400528,59.191804875064165,13.331722464356101,197817.36658474058,998.8067613532511,43.98251310344958,0
96.64157975686132,2720.794037450837,88.87106443217095,66.24878196622731,13.489335665434659,159995.6507650548,1028.2548777454579,45.569214696976914,0
94.19245263237778,2170.377076209316,81.89137204079734,67.42328163253735,13.21552722339588,69966.3451146634,978.7030059503467,53.57801779857866,0
80.17559600956693,2163.9886289212086,66.17083821654643,80.11916163846163,13.196082631838015,111295.35933840813,967.7727677946294,47.654729996811966,1
90.65442204201344,2212.5051931547337,76.62165682069096,71.48249901225883,12.47960534236465,168301.4838871599,1004.9889876066437,50.95572502332112,0
92.2428424768836,2096.0536201090204,80.83442341716614,81.44044390794542,12.566624887724698,164681.02277617026,951.0899897826382,51.658837944830125,1
88.11344475146181,2362.205396551776,80.0255880563823,58.606465973545994,12.688851605660545,111277.48029978012,1000.5656390363177,40.89243753382751,0
93.69725982216495,2767.2093751940306,80.63864275881056,45.666196907554536,12.821183772110372,141145.39758417482,994.8342363689247,51.19693817827306,1
93.97210026193862,2179.9302839495217,83.51528195413259,44.28053571295748,13.31167758347469,132210.84228767245,965.4936010469496,42.10700431853825,1
82.64761721196524,2134.0776699028534,75.75488273548224,60.179820698810644,13.016174232406257,78323.27362835838,986.8025231602675,53.515763809285524,0
84.4254517050762,2639.440369407445,76.93010823005805,73.36675959721214,13.212802292629787,199296.1011053927,976.8024347392002,44.556311106546175,0
95.75928615856765,2564.3839627219395,89.98375935285493,83.39744228556862,12.185489762676687,111853.54506491893,1006.0775329381931,48.314712819286946,1
90.99394198697507,2982.4766164034527,80.30733002055764,45.47562411527008,13.154227961710694,141538.07908107963,950.7060342914348,49.64321087712369,1
95.04268818751262,2222.2876611714887,80.50349730872585,57.589550038779564,13.434991129400121,174599.95114994072,1000.0958383764337,40.536658553181496,1
80.71211869872701,2934.866176917507,66.43973975846976,74.13702247572888,13.406787562409932,132852.0653338557,1024.4001301640224,42.26596472048249,0
98.03814191299836,2997.296270315523,88.10279786206955,73.26042952554174,12.210566253487997,196834.42770580744,1001.2856666421497,45.2562870471038,0
97.61324384421636,2283.0133887024654,90.16945080119736,79.56833365240202,12.91250639903025,94760.4425669873,978.4145216908819,50.72656837521701,0
92.68123269207467,2575.090695290728,84.85786655067108,48.055961351697825,12.271744710554144,170958.5217451182,1006.5802778953431,44.618616543816735,1
85.2962227035886,2913.757269383219,79.48541774813076,84.81127800713564,12.543937025907095,176679.39865333535,996.0496507368485,41.433771837596865,1
87.97576664714059,2862.7022757913796,78.407227337989,74.1763210485799,12.725783659603021,139089.34525643365,1046.7888599783334,41.42116800298789,0
81.59359189007816,2812.8238492072755,70.19661230238529,50.740589171492175,12.699047058367729,136451.45114476365,1008.870501530014,53.20313481019761,0
85.21502059849196,2853.9690821787017,70.3033434614714,57.99740031713688,12.807718864660103,162951.23655905641,995.0037902442259,42.695826574341126,0
99.51897472715862,2320.625176895902,92.95651577046006,82.493273501233,13.419135687095931,95873.45673244627,973.7780118851633,51.78783994696725,1
83.38985390696513,2604.9926577250467,69.21249259689789,83.25918577279434,12.711727343953592,112911.64629584277,959.354373723806,44.32505211457785,1
86.30154727721273,2648.888630088487,80.56240182445059,45.97735327386553,12.366730700386858,198847.534980039,1000.392818790847,52.89536450366712,1
83.3238044730842,2100.996753258037,74.55976352465787,71.96038566832277,13.16292788736446,100329.85575949143,1000.8742128412283,45.60315453724974,0
91.51601583512678,2994.5576877723506,78.7637714556157,71.87626707312667,12.862914447268459,96994.33073952427,1049.3496205240172,51.535953795999326,0
92.80620083748403,2788.8397262537887,82.84379409927232,40.19028936997578,12.925890780081378,185676.35138010158,950.5073525467848,47.81449997778057,1
84.46416598795042,2215.589543024133,74.999327954345,52.25836382932776,13.123061466887926,192223.02406977315,993.879779576549,43.352160555905044,1
81.72093941363866,2675.2554776847305,68.88473133971415,62.000754970143284,12.284664587886267,137033.3662924168,1048.2586660051759,46.938904058595064,0
92.20748613853974,2840.120023140392,86.21751995921764,46.730679773769,12.56989561327127,95190.64361662642,965.14789543226,43.48109209157269,1
93.89113058035156,2938.681818804225,83.56279826442268,48.40203485788972,12.040355049214126,168689.39861381537,966.5277476681644,54.34904163580643,1
99.47780282464026,2797.1120172958817,89.26244015517644,63.83596139359423,12.504676686329951,101791.40011903629,1039.6428964890629,43.820986850221054,0
93.12007032149823,2244.999856333511,84.39280262293016,51.48335385452258,13.432929018812588,93124.78673367806,976.4839131962407,50.766773640036966,0
96.86064748574441,2986.7948934415726,88.44432879132964,46.02407894552226,13.330037433853715,112646.97798266432,951.124603996243,46.336980115712244,1
95.21825997266328,2662.035697809981,82.29143760210897,82.02966997452997,12.382998335222327,81511.24770704209,954.2546122360311,49.377739171077806,1
89.502484884547,2228.2027964658414,80.89976875473855,45.60692008565263,13.427822793135928,163247.40780670533,993.857779838721,48.12409394959971,1
97.59125412351702,2935.459365552785,83.05680333287584,50.04638377031123,13.208961047918109,117332.94280887806,1043.8577179101117,53.86592571460105,1
95.68996485296577,2524.748907949597,84.58362209259244,76.50077381601704,12.813122919127359,149019.8460406495,967.4042678226148,48.94791555597163,0
95.60306569057249,2304.9978813434764,86.93508638238518,72.74456127447274,13.134327085973705,197897.67153316695,956.1871868657136,44.71474083774597,0
88.25030240727762,2255.526874761036,82.92151786859372,66.70796557045625,13.360461115762465,82530.92999567447,961.153974723983,47.78201023175701,0
98.76178964881035,2724.4999821442334,92.49376296064234,80.692310986422,12.476636849691287,101888.30976150767,988.5376874752912,53.18959945119808,1
87.73645096653743,2951.678338529354,73.91579977806559,43.36291903361463,12.692584691289781,118772.42125646646,995.8334954423323,46.42984250353651,1
97.6097824050218,2698.1370221955945,89.82034784693826,56.27422699569574,12.880973633508036,54328.11939053778,973.3210798748569,51.629309634201086,1
92.68696076210696,2456.421152159402,87.41725920394637,60.692263508576964,12.059445386070013,96608.3912686795,1007.0894383079233,47.32626258613642,0
84.18367224540768,2094.58131221267,74.61830760022553,69.6973218570844,13.292311150901364,80257.716506509,958.5497848761074,48.69949656714821,0
80.8017590135268,2505.5308552427455,72.76286381390419,82.5561151357513,12.043432011742793,141030.97987503052,998.6977238900773,40.13142888098465,1
93.3525593777522,2220.6726399400004,80.4581277139747,58.16884960634643,13.049150627280499,169129.55997792125,969.553035743244,47.152651525000216,0
80.2465378135875,2939.381548279781,69.61427550248551,62.05475936871382,12.943784795217425,154458.7337611789,1038.689265814825,40.13072977406322,0
83.71012972931621,2466.3852538720294,74.97469216061327,80.30081991059919,12.785530506027339,61684.573077955414,1030.4934815028805,53.980285183981245,1
89.14680494409785,2421.08380910833,78.09582877920589,41.107560174851024,12.99214294094637,52905.366846020755,950.3043128728777,46.252255044294905,1
99.07150578771424,2232.243792639608,93.90595928198542,61.92568434240812,12.878187948516993,141349.66988645762,969.0626460940538,51.72104567239667,0
95.6571032044096,2476.8110136916753,81.53570710497367,69.89594570798607,12.583327008158774,144486.24492962513,996.0264534646044,41.394905061449535,0
94.71077722616258,2624.1215853167455,85.29555851086792,76.82422874171354,13.133755220357665,118164.48843648721,1013.096057803873,47.312724949969905,0
83.23654778545716,2759.760143628415,72.8437437399717,71.05803581046813,12.865045677885151,194229.86243934243,1032.1973972996504,51.33841801601711,0
85.43060445339984,2780.287212815664,72.95894018202621,41.51852883186221,13.369981735717833,64257.25495237211,983.3653917408606,48.05340143384417,1
89.81825387673463,2897.991338140804,78.22611350755653,45.35782206166743,12.883091914380833,182655.76202978397,979.8196942133097,50.6857062661238,1
93.3588070350514,2480.270283627217,84.1708801033102,65.62746859804523,12.37781088644999,159329.63425602388,968.1702576452511,41.09886115017929,0
91.23363157988179,2222.9519573018338,81.27049515105105,71.78406726371347,12.060767362937796,161076.1002408465,1018.6168979374241,54.532345408807544,0
98.55960268736426,2794.97096912374,86.66959608711208,43.35586125591791,12.539948440353108,182813.1434709564,985.5312062525439,54.31994599153508,1
81.71691379019849,2595.0090457914594,70.57466889538611,83.83985453113749,12.894147715194682,126062.11307637142,1035.9023992593247,44.522980297959506,1
81.2762026307989,2185.161627699282,75.84875646893785,69.04966732040258,12.723087537973349,132134.08908790024,1041.9091267402794,42.555890489413336,0
87.17409575543623,2101.2706829291355,80.54593386075368,66.33400527642864,13.03843296213727,140638.78642241773,965.492713479893,41.643758123794,0
97.57624611042876,2039.1772040954393,87.61177905802332,57.94887926861057,12.012381969490237,139114.68390661792,976.4016534953417,53.61231007295361,1
96.14784405568906,2639.4018247555923,88.54017976851982,62.25081118595975,12.768068813627309,147005.6627762997,1022.168729358865,49.129541417664086,0
88.83450428306978,2705.1244732319974,74.19693822872183,84.58911690930853,13.36735221662672,99493.12532296224,972.7250965876253,46.61830031823916,1
97.91972921534649,2031.861077123762,85.02004515695822,59.14142792073193,13.09263491154634,152384.17757360474,950.4032631484408,46.66327284615021,1
91.79047533928424,2904.3721447804496,78.12835529056152,77.39608913598184,13.271370844790622,86288.66302287756,1043.276758888937,44.31033299034707,0
87.81086194771692,2547.252214464331,76.45818577285952,72.17901682842887,13.184822571470647,124414.95519482074,972.7315041707004,48.7215875027926,0
86.01031057911892,2661.698381988299,77.82016590967021,64.20061145362847,13.445665413682493,116801.50758340821,979.2966151762133,45.63623296277344,0
85.43134801012457,2228.7354336138774,78.90008311815451,45.26981239948316,13.439339619346999,181853.5277779338,1044.8963367139957,50.899796469563356,1
83.83324562799804,2097.7932641191223,76.28979436878534,40.75534564626948,12.006877243597451,86182.68261578162,1019.0422326705893,51.98747629143345,1
90.31618246447796,2348.2352645710553,79.24498445854209,72.9865129980351,12.582303315387064,61132.29411428939,952.923302620717,50.94243615101716,0
97.07532886922675,2620.1433980217453,88.91794763837784,44.0214754185083,12.59277896879128,180644.00685346272,997.686863345737,54.680379234030454,1
96.32276706392065,2028.9282009888263,83.73241190079246,52.39882029686171,13.084316885950635,98909.85440222551,1039.885277888441,45.78330923989818,1
97.47254211471522,2785.1681794006736,92.00758029465878,84.42429825850314,12.428345746357753,150899.9119589827,982.4515220082508,49.43446016839616,1
88.2844484363113,2921.3380465779665,78.63839010148328,83.87995603774101,12.678894497737613,117417.26537507448,1010.5728787507021,51.06166984518561,1
99.84417659537793,2464.571912239452,89.70696102136549,49.98441046650043,12.68166979201321,84447.44052665008,1025.6496327967875,51.358630737513295,1
85.44586550379279,2835.3239873643774,75.02590535816567,74.05767873228996,12.947853465830944,107454.93438438507,1033.7101669514482,54.99868082026488,0
97.94968513746174,2559.069828644933,87.32467333882462,69.3165863879756,12.843197667465793,125646.85702477768,960.0460948119019,43.25587037685591,0
96.64175927963532,2388.934605311778,85.339367645631,77.32791322625182,13.345829146632619,60019.10929211197,1012.7239137798939,47.598836405157805,0
89.45429462128834,2111.3217180468264,78.7576676770857,49.812920645452635,13.411506607375323,130587.2027673991,1014.2894594847559,50.81249865365276,1
82.34982144395677,2163.621099087623,71.92058078914143,75.60027997830784,12.813205967400496,68181.47393097672,1013.3199412861859,49.03743630476594,0
83.46584369643624,2876.712771650406,75.94353416566814,60.56096450285037,12.106433642568602,188597.3507053635,972.5178197225252,45.54381163713996,0
99.29065759201777,2821.816864115236,90.05659797898649,70.7163127087945,12.901107226574547,176379.68924230774,960.0886334471138,50.408117367712585,0
81.18948508512415,2154.346962446506,67.70983973273376,59.085669314113034,12.528772860120592,87693.42255187055,1033.3471711354528,45.51952367249991,0
93.22608613773586,2647.399973559403,85.79534926185977,71.26457261104551,12.259646871634091,179603.017368771,1000.2003932124503,42.54357404873986,0
85.60325323282309,2180.0880089852353,77.07842744832057,45.746177427810196,12.47180489324439,181356.8096498506,977.055824841901,45.93461541859649,1
92.16834924074527,2462.335743336926,78.6604469896829,74.64268648985825,12.144401436603546,172030.31831543258,1043.9907873119998,40.474243706404295,0
84.37444197828268,2702.4068143393124,75.70151081226044,67.65102347941857,12.371939807369719,52071.305306353475,1003.7373281537984,54.60648631844416,0
99.96925753732293,2958.3352931536747,94.69034909423263,80.1899178595654,12.840858035925203,60689.91920852255,1002.7603973944613,43.16048058710183,1
89.75989886632227,2870.7342221957547,83.5702821705261,79.26044837066316,13.327132324698447,126612.28967626633,983.093710728155,41.72261367240406,0
88.12575863770424,2525.0842891083084,75.47206748845458,41.158175534215474,12.404394452486093,52113.458595724966,957.8107824208117,47.78116247477709,1
88.94077556651396,2603.7630358065476,80.83047206232713,46.64044256364103,13.235577032469791,192590.94417165595,1010.7552985114689,49.49856549114037,1
98.66215090672678,2712.525963176742,91.18848105824716,52.996069423202904,12.624209042808433,70833.50458710256,986.6183752430192,52.20645225458886,1
81.50846164341378,2272.493170077942,73.43304794366571,47.25517755388459,13.256369523822674,76531.24427575039,956.2105476970241,54.17412027098544,1
89.90848769678665,2730.066368250352,82.53461124536727,44.486915176884835,13.063519942264428,197964.66070456983,996.2855488789304,53.363402302483294,1
86.94531549333337,2223.3442993865688,79.04387241906532,62.88266471370998,12.075658361957773,145253.57011039014,1027.2392058067464,47.105488621550364,0
86.4007084318097,2518.008164892607,77.44512499584931,54.80793695045946,12.50534750215497,160553.25648301234,954.2086227321093,51.18283888421513,1
84.6165336992981,2848.68010928687,72.82490423488643,54.77825555412753,12.511172535031033,93344.2158166669,1023.3584770841849,47.9170608502882,0
82.87899760731128,2229.4469863602503,68.49952246021715,72.69769317785685,12.058911348186014,106262.22618712111,1002.2739131931954,54.92936657747782,0
91.31580007741272,2190.6459594508196,86.02218368388942,83.62329300133547,12.947766127939289,179451.25242582674,1032.5303579077631,43.60153478663352,1
94.13888357274664,2045.2472279317508,84.61659986559225,75.6628865724199,12.699143590475218,198771.85597161463,1002.7363222831821,51.5665039133569,0
87.37507880326297,2474.4498822588216,74.89003979667571,74.20372042371326,12.340613437879863,139607.74411406735,1009.3470539249467,47.72801138028695,0
85.62984638231629,2288.6602786938556,72.519026559186,72.34587835877491,12.460458570368994,116215.75533971681,1002.8638507364244,49.8851552733321,0
92.38257500632123,2748.571626914293,79.2448467406631,44.59548745312931,13.348260552604863,101061.05632061759,1015.2720079201406,53.48015135464626,1
83.02921766099918,2221.2017219533714,77.2937307544169,61.746468346293,13.192281268583669,119468.34721006265,959.3769905214336,44.43691011036358,0
80.2401754720302,2708.218081925031,70.13968486003054,45.126250193626014,12.784656596350104,134106.52400274324,1032.5113743665288,42.42608639000946,1
84.60323470733437,2761.3236903412794,78.33793315208823,71.52347189879869,12.79391109352523,145674.57316563453,977.5135909524306,47.67840513865312,0
92.20550678968127,2979.0277959657546,82.56321404154733,84.1737357036738,12.89468594801273,194378.780969481,1027.4479937106348,49.48280738148272,1
85.04688132707818,2461.419497432624,78.1203017684345,82.80747811794289,13.366966287853613,94981.50512058905,1042.6951654984414,45.906477915533166,1
89.70467443137872,2763.039299517883,80.64981135825681,46.91254212078459,12.826492495470202,193811.25243076024,1008.7417992084025,53.979054540451386,1
81.12895788646176,2344.2857393150525,72.10783759485737,65.16466109952395,12.622113933865442,138589.6125886311,1033.4864771973378,41.60424455701576,0
88.75283231073178,2318.373892278678,78.51105337937372,72.11000551308322,12.639702674768776,68503.57924892943,1041.3792143467267,54.884297433415114,0
96.73008061129018,2201.6203763858725,90.24077932190403,44.78640154403287,12.267346517083533,53267.825904064106,982.9922119227601,48.314498158728,1
91.50030952801788,2130.6929895959047,79.78381302692837,50.84244794828937,13.104757972489164,50481.7904828677,993.9075374884834,40.74663738111282,0
97.11694911078607,2902.015829624202,82.86573202003821,68.04209374571542,12.921360884423384,56000.91974480354,983.2460840396883,52.65636918176638,0
91.86655214790497,2934.300040640716,86.60360562900577,57.54724468060496,12.89979092905644,192234.5353957726,974.0262518782918,44.87591636120279,0
92.70762047629535,2976.8292254785106,85.77912803957327,46.277258766101276,12.080954776771046,74676.78619935137,1036.9080817476545,53.457576283144284,1
80.92357282461731,2153.9799730228897,75.37282669295591,50.987245125542756,12.611093634241687,131232.21352233618,994.3230081913862,50.15036919727505,0
98.96063552101677,2856.806798772177,87.29469371281586,58.06334072718188,12.309003884134576,157592.65852505615,1031.8966522673095,40.07854454020284,1
84.27861730284458,2043.0094042127964,74.61375949086538,58.70486415434368,12.789780766712132,173771.06299459765,981.6105574214625,50.344601024937624,0
97.57909767004728,2668.0279464170217,83.36167370042266,58.85357432485503,12.54775698961159,117197.3509586338,1020.3849040841742,52.27755820365799,1
93.98481316423738,2698.618885998799,82.1453699930799,64.87229358508898,12.378643386642059,126109.31692577043,1034.935896098111,40.900467603582086,0
84.64132717483419,2994.6439965969535,77.94098263864028,77.15900094675233,13.018815338006167,61597.454708869845,1023.3416354525095,48.022484260642074,0
80.8067563254804,2588.304721291091,66.47283278631319,72.28183189789223,13.001373737786878,66320.92824728007,1027.8077954257494,48.9238774701825,0
99.93147811531863,2955.9176422131604,87.753535267431,71.15385163532594,12.216153234607168,157136.1009489285,1040.8881608739803,42.8945262603825,0
98.62966576788556,2870.1998123987946,92.04271796315504,55.68378101497261,13.115086545198034,60041.994273706514,1005.8898644870656,43.32403334695836,1
92.78871206409758,2798.886533200892,81.17125195745598,71.60671767662242,13.067972975063174,69994.46250303063,989.8506162087059,47.904807964435406,0
94.2347632580498,2063.8071218645264,84.78946768186579,71.06845887816428,13.304359611658656,130727.08011258939,980.0868047241778,54.96144051862876,0
99.53097728542026,2110.036487972593,89.42592369666991,45.741272429742565,12.02246335545214,92863.48335763966,976.2080590661722,45.66386887529721,1
84.35303888780037,2713.3623444563036,78.40292375422553,67.87102851416034,12.923784623983625,134038.01727777056,1023.3203463006441,47.66856467731097,0
85.01751667760993,2109.151464951347,73.60756338125864,77.49757932852523,12.294668263044377,92081.91919980361,1038.225290574848,50.393075857294875,0
82.57991990642051,2306.623790152349,69.84011127050198,45.19607929371811,12.554747014890543,107322.5227726635,1041.1302830256218,47.69064510231645,1
92.48191398608927,2067.1328797878577,82.02330296495523,67.17982383472858,12.733563628985626,164759.27528613852,981.2099208810799,40.873843471358704,0
91.34329858958071,2783.0100318390923,83.24358770925265,57.3921975266491,12.526720142855467,94164.87502646627,1030.3931694633434,48.5863163146201,0
85.78104568131637,2120.5294697810846,74.94941281111468,40.02096051717326,12.545988535604636,92114.024844315,984.1414612085916,44.42294260552281,1
86.18024478649227,2940.1881252999606,71.86136957082172,45.57215073391641,12.170615476491383,57915.89476378825,1008.3577871203953,47.496433292089286,1
82.18476001602062,2290.7993938341046,68.11744120758884,60.9340833402204,13.145244472348427,167793.6188577466,981.2447400751176,42.61588622698656,0
80.7979122479383,2246.25583984265,69.19516518127406,65.81388446891903,12.37703144649712,106393.85803464297,992.9599111271741,50.3917050774532,0
85.32768511428714,2839.146957602017,70.37749579959576,66.14428206469209,13.276697348292704,142191.12886520417,982.321919643805,50.99097228941683,0
94.34474176651237,2678.163539295326,84.49275763538988,53.48134814470166,13.230817669006658,86263.61810596375,978.27446469041,49.32533087050202,0
91.55122278590137,2583.285299161943,84.58320666609049,56.25087831211993,12.201677922448013,136494.44103776364,1030.0074181464347,49.9073278878293,0
93.78295962251092,2897.557747271773,81.0582475633894,81.8501981648835,12.1989428864659,69447.55500610665,955.0632698961848,47.46062235028385,1
94.68994922428612,2893.7378220592077,86.68111249674325,41.765215720791865,13.08427118246477,136220.41268886524,990.5515960924961,49.271833499530416,1
95.25186658986478,2163.782512468755,86.41493122480809,73.891288526971,12.014952882026014,104835.5921032317,975.3769720139321,43.8587136862025,0
92.14228059504968,2276.971942148485,82.69859101834746,60.68094573168196,13.093739963194192,63065.36303947736,1008.8304004005372,50.932171165498545,0
87.94637410063241,2219.507111230922,82.8775783683581,46.36510941206569,12.3204570631516,199683.08455878304,972.1993835884266,48.471641102016065,1
92.8745035849847,2389.3976886851297,81.00514802032956,81.25405859373126,12.013644325983357,111128.77393111766,982.1762837981131,49.4856195298171,1
93.54784299625031,2899.06560192495,85.54302372369976,51.065061012331135,12.967005483958886,62122.56009756429,969.4765382685686,53.34095072662643,0
81.34451779327023,2950.374421650102,67.07177614123232,40.43844535477099,12.304618313009293,50836.59513638264,991.0618127644999,48.77572790225994,1
90.61758554057293,2663.5615807378445,85.12470528981292,50.77054931901611,13.066251193547906,142828.00568196143,999.6329272656083,43.97439841323376,0
88.9767344014731,2973.668546824869,80.52550924935778,71.05397530173443,12.781308737212425,157936.1635774884,984.5710456657637,53.473574215590226,0
80.84791174415248,2839.6026388423033,67.82134642224293,43.142575852683564,12.178594288733047,111519.32299686779,1010.5039735835028,54.23265700690732,1
81.85390265153598,2470.088455380412,73.59633174900021,64.52315662326976,12.444525878492868,111570.75843698319,984.1032912975013,51.00230821969369,0
92.40727239515246,2843.1353455499466,79.16535681838417,72.7040978618615,12.287121182628336,72702.90531768916,971.3525468070642,45.435515159472146,0
96.75216413768094,2094.007311089086,91.60890035488262,82.25535694423571,12.211210226178547,137059.56010430376,1026.4615554840534,43.37851357440519,1
83.34378623361194,2256.8887054188467,74.08901451916574,79.36319924311748,12.345223646026396,162129.18632951472,1034.715899842944,52.02525712148855,0
95.96539264360378,2398.6280881585994,89.35569495854901,73.33378855666895,12.183294342399728,95547.97823027539,965.7133708989866,40.132541996836686,0
85.65641852861195,2906.1584844558047,77.672556162471,50.694764930849516,12.350922694359525,94970.86460645414,1010.5366139465295,51.17017108943169,0
80.92367020656809,2186.4214531856896,74.39527795457403,47.47159720005847,12.195091924961941,195033.97160159363,978.8298250118413,48.58799748332359,1
86.45799163893972,2548.8753238070494,79.70431629740727,75.2434808101176,13.466362127567837,64045.23249754322,1002.087383715809,50.08929742362554,0
83.61576464801823,2996.977431021189,72.6126871384999,58.326688350325966,13.326705546884712,106146.02675503006,1008.8295245228063,51.92158695990388,0
99.45847375456833,2977.0787496421335,90.23216520089414,43.376463295901765,13.152127114946444,117677.70059548604,986.2017542131655,52.285563938050124,1
93.7577826473221,2523.139495185884,87.61892902235434,70.32964587783076,13.341885603827125,124694.67954094318,1049.7949830582836,45.79110978615045,0
84.38099308399548,2043.3833480571973,78.6828398747748,64.47161375020849,12.142700422515558,120726.95488296387,959.8857299262503,49.64082693169091,0
99.91830123661966,2568.6013047257015,92.24577358275502,64.33510655778474,12.73281005136944,177458.37738764577,976.8019489590014,42.73046735057755,0
88.87108113538707,2553.634712249618,82.06793133286763,47.32705680538006,13.434723437142171,147159.7920015839,969.2397611552574,52.84312143225577,1
92.19260266401135,2673.701498206306,82.94611588661957,74.38264601618307,13.177799384690388,85418.74684738857,1045.6632403303813,49.00571828577465,0
91.56667455942247,2494.1787212825325,85.34240021058325,42.83719595389102,13.134571654878869,50152.5675036125,1013.1958101047634,51.99168481222282,1
90.83491659045205,2252.4402992067944,76.40772493478703,73.20899097300239,12.058715626762812,113856.80093735896,951.4751863100611,48.987055066838764,0
88.11412656405797,2561.341890048086,74.05781221586189,45.24372786071217,12.563066679310007,94891.64110481559,963.2080580248148,46.71885584597044,1
89.60595568433446,2121.819815922111,75.97444312105121,62.92267753007806,13.18904826372104,90348.76472094416,1024.1211019783054,54.62153346304686,0
92.19338530895612,2899.532421834856,80.80219924330771,67.51317804624117,12.942191463974975,59663.27183026242,989.5352020028673,42.27429997582751,0
82.31748538370599,2746.0084458783185,74.06257767095794,65.82019493580158,12.729676590290481,179593.81236486707,1020.7843797830902,44.11428544051552,0
87.93914979638716,2340.3104158168444,78.7901196578039,68.99632243210175,13.191061820477294,176056.61575799133,1034.3413475897019,41.99018583176264,0
91.57381139747366,2373.5360304966125,77.50908447639424,84.20572535026616,13.425721113593525,124619.84653894337,1043.8464492555909,50.185301086196894,1
86.58348228320138,2966.969126283822,75.85086683144053,61.960235438153646,13.227033999717603,100842.985722048,996.2138125553195,54.25857374171307,0
80.49239670983052,2809.922796782291,72.00111422898385,43.79601947143546,12.560305316400559,188608.59855103,1002.1133304646812,40.71210973832216,1
96.23449008138653,2216.8280485605555,89.331024867072,53.71689484667081,12.0162350920276,104553.19357299551,983.6585847108618,45.241985676108044,1
89.21518812122466,2140.139587867801,82.62258062230714,60.03849104992189,12.498090364579754,82171.04981458574,1044.2624159277066,47.50698470036386,0
82.67373111693897,2331.070670551259,70.75481156383347,48.66894620424116,13.136636788809774,130536.85328492905,1000.2572005217193,46.9893774617017,1
96.38897859438235,2491.82618185583,86.38089316295344,40.39203307079833,12.511120525756814,116683.34083298018,982.2020574063439,48.30396984766224,1
94.35395522471529,2422.152302247052,83.21573351121886,80.92007912995032,12.501397684503859,130549.82308882041,979.0924577760458,53.19726372468786,1
94.74281633671887,2504.1342802716886,80.68833009372443,59.130758008431556,13.292304333819438,109987.57296000578,1012.4306805145212,43.01876352495612,0
98.2692276552858,2633.2609340910244,89.1415953398195,42.24648882078717,13.225705427332652,67596.81133541986,1006.7481479744428,47.43864120017375,1
97.73441539268114,2142.034393047704,91.75261937300914,73.93666075873374,12.04074322804082,52869.71507683964,974.1774823765376,49.6956508154456,0
86.47232237493643,2055.744724889711,72.18448256076023,83.06284233161554,12.21703609385769,145934.08493438445,990.0840567196627,40.078390415153045,1
81.44581375645153,2154.6578178845807,72.83421516194792,47.0208116627794,12.196641182813451,99920.52493696235,996.692554547319,47.53595315866526,1
92.40843432672226,2932.471623039593,79.18443687124297,84.22888188224971,13.032303463264181,58718.59053161871,960.411435313345,53.35779979374681,1
85.3393959765722,2561.9934945223085,74.06274923195434,45.74214664272749,13.123973457145196,55070.99134709006,1012.4748728187942,41.649232627054296,1
89.22965484133556,2731.1732520807013,77.68851509394726,84.32886656481847,13.234000737566639,130960.5641297133,974.0513661946483,47.16000954567412,1
88.5575223546629,2231.2876380552148,77.99769746629613,58.823076595356866,12.864562578272146,99283.37761267411,1024.4812850507767,44.16772788493479,0
81.67644145273967,2678.892570474331,74.87004616986506,76.30889431782978,12.569239797505613,127951.71681297045,965.6614557086981,46.39211485848047,0
86.3158200874145,2296.284376603233,79.43376271929284,82.9790122628402,12.119569751931627,119162.85672659898,998.9696642265924,45.06108435012544,1
92.75403272046371,2619.824359596322,83.22779929034024,48.68168431408369,12.568181099463429,174732.15143933086,1028.782178778206,48.28262979074704,1
99.84329800609407,2215.1302889027565,91.10188488039101,74.39512473537522,13.019637278536472,50379.51194362713,1024.6422960941632,52.42034076871825,0
86.36577723602088,2377.6462735197006,80.35977644196032,43.05059458527004,12.90258725315198,133734.57941763627,1035.4029254864718,53.4293396505588,1
86.79192563943127,2942.278397226049,78.14115853619153,69.68314477134177,12.352747896703685,140972.46920935367,987.8272113694939,44.10460534916791,0
81.80664134391887,2962.8641583439157,75.5160020885594,49.95794435163994,12.552833743764234,107397.96733356503,1010.2166586474008,54.92582514778905,1
81.39641749211134,2509.4783119170443,72.82603496213002,62.009856527952536,12.477680299661621,174334.80353284767,1010.0914645295663,50.155495120006464,0
96.034748516456,2266.7205104828136,84.72282560109676,65.68697127824811,13.0876059168547,180238.3346008493,979.311500208071,48.4805433330713,0
97.32299425773084,2006.008395196366,87.39503025077585,61.24009001096033,12.909490141068789,84612.82573838823,1045.5314773792184,42.964924764617066,0
87.2195649319898,2195.381723893674,72.36329677789342,42.28186302235677,12.35091322496706,128528.03286635801,991.3594777862254,51.82542850712437,1
80.05603146560789,2359.4208574739205,72.07850562468404,71.15594960591667,12.09537090228145,170601.4643322699,982.4999925461345,54.394572102572525,0
83.98647578282241,2010.408258042298,72.35293862098226,52.540016013221354,13.388643513833722,191459.25883923296,1033.3053161663624,46.918372517267166,1
91.09190542594878,2449.092519497856,85.0422307642576,80.03386719309533,12.869943000589679,66083.29694615414,972.9601189916125,40.02506933448878,1
81.30672040285208,2934.6444514273944,67.88764052993582,41.3621445181997,12.359305575412485,67143.56693588775,981.1902684289355,48.278933561458885,1
86.75085319506583,2129.614639028678,79.37676160389186,68.81918972874702,12.742672955131397,77031.44735279644,1034.041051435136,50.21144996301268,0
82.18240838774499,2000.646361564367,68.12005757593414,42.75082743789784,12.770115284035986,167768.47444451877,974.2905850209235,44.52991547937635,1
99.94843669101795,2430.789310721662,87.4552900593055,75.70865523079172,13.049270194854921,90825.29663784309,1031.246240451756,54.45128738263983,0
97.78387405846517,2432.900382018938,91.27944834483782,77.914869895549,12.226034781850466,156603.30696148027,969.4792636508046,43.589507850739174,0
89.17114419494355,2624.34130457787,77.27361803838653,78.6366241262395,12.57307558691556,167041.14435974852,993.9020132461321,49.55564619807901,0
82.55035377380662,2349.870734116548,72.021778023481,57.365994088600225,12.7170970179807,118693.74604910596,991.4211189575869,42.77962083496169,0
83.96374206887754,2322.3809161421786,77.55152362360235,54.35066900966923,13.15490462988437,106906.10913108321,982.6187007735086,45.31888743773966,0
87.54634550529829,2948.323155269366,81.66914485737585,56.709908193173845,12.558315756301347,169917.76265074546,998.3760683882963,40.52533576995297,0
88.05427237815974,2240.7158737215236,73.06918728215301,69.61467901264815,13.061242386358103,199826.5690080255,953.2638233847118,41.31134911192137,0
87.02040269767109,2612.8877267117523,75.13086277273543,51.500597852645555,13.115484609057592,63891.2765137373,1041.3283317474134,47.897715629756995,0
94.99292038947289,2613.226307830578,80.36091358999961,40.942149581601605,12.862332413200015,188256.53235777208,993.9855064940554,42.90015718980039,1
92.09759378616407,2959.1621894721297,80.03458757122863,61.3968756561806,13.270708693182026,132047.14718476968,955.4295588044864,43.88726020227845,0
90.08412880168127,2419.512949162229,81.31801551649255,54.05224411669762,13.311033090239633,188713.11222713543,987.9661226424782,54.98056780464057,1
89.55619079267264,2574.5350654034237,80.75813733876694,74.74684558528023,12.320220833802283,125444.10804675399,999.4043699681646,53.88078462203842,0
89.11772372173655,2101.9913124526324,76.93993722488125,58.297743524434146,12.746212570277574,93601.8378302537,967.5694269192213,45.35074621239503,0
95.562055524271,2318.255216244801,83.67982196127227,75.63201227561987,12.758451816106286,117894.55430805651,1031.0363910988829,51.68046353093162,0
91.1321200710569,2206.155402065545,79.06216552294575,49.462765121433385,12.143837068387107,162236.44877996095,1041.1267517733427,51.71326023275219,1
85.2146038358606,2284.505329879293,77.1057268080342,67.19645748420186,12.742104440397949,133771.26008227462,997.5785062111529,47.81011399625048,0
81.13866968011438,2339.444802758944,69.13643206501783,51.15959274026713,12.422429991798841,67471.48662596782,1037.2774465234347,40.24827639410704,0
91.90115231288596,2754.8222802959153,82.9133916384104,73.60373461000654,13.135134898632238,127694.44553047096,962.5015224122045,47.90603163307377,0
99.6748709723222,2378.476149044561,93.74032507795135,40.859445085727934,12.23396025808431,129895.62707408328,1026.4891291665435,47.44765305535025,1
90.47232269075629,2481.711685266895,75.78685371481558,44.125946384660324,13.154594097167385,194615.55897529318,1024.9447327559349,50.1533378500588,1
83.74803338631759,2682.1722352846004,75.70823880272557,75.43831027496572,12.878018131257267,64048.64120798283,996.8839836842693,45.14521603441464,0
82.09802479052898,2782.1080101980756,75.06421137892674,47.36871285772334,13.215326047952075,50879.066171197715,955.9088657781446,41.59961283231874,1
90.36950786690682,2386.1920848679956,81.48241894164178,54.49521373008397,12.043326394473251,168416.19042449113,1033.5670982277609,46.586664744498066,1
81.42700458719106,2533.208622729786,73.05884495805142,65.11798035743206,12.507222048090807,115043.27747010626,1031.1737080543003,53.827007022270635,0
89.27876416390984,2582.11952827336,75.56297760150863,78.52119543600982,12.798561449240758,69296.54199098883,1035.1359994359032,46.56254131756501,0
80.5865395259239,2803.971962816783,72.11108445144295,51.252307024933806,12.644344706486708,183376.48132134043,1011.0995451117308,50.28296231735608,1
92.09955120352573,2459.416334798452,83.08089529142046,52.78619635710886,12.18669293784911,143996.10684928944,1001.6462710921098,46.1572923757852,0
81.95296498934182,2013.848856143009,70.91367643121566,46.800219664770296,12.569870849074238,57135.25840361009,1025.5504810191505,51.87758958802539,1
80.32194513462319,2846.6716730323715,72.25636696596857,64.58859092144938,12.441437992030115,65364.373643592065,971.7559806984523,48.10149700208639,0
85.34660339825231,2453.5525530879972,72.44621594075944,48.60546820450087,13.285232527889539,143085.4612150321,1014.4733250484619,40.761037866962475,1
97.27898414419099,2753.794041425463,88.44531995057683,55.495997275672764,12.075939936651466,112553.95420120197,1035.749725815036,40.29666147427347,1
93.89225968728266,2386.0230969275667,82.58022547165601,69.63735446944403,13.134473971490845,186614.01529464332,991.7855997208209,43.20958064831028,0
92.18947014009896,2762.5220177592055,85.5810948182772,59.59155161994518,12.649125604105231,147015.23265407613,1048.508415908252,44.33367470092047,0
91.21202120258184,2249.8198100566515,81.41171776850547,81.5606505093659,12.333524805568437,63243.55874558261,990.7711137526838,48.93270030388358,1
92.83126137644385,2200.7690966650694,85.85157358835967,52.55536724434553,12.191923864469265,77961.95805668883,1023.6349309964235,51.81386775302132,0
93.73542470562577,2791.508500279059,86.67590852592342,53.08430478836319,12.727040332889016,84693.56533357613,976.2785504351236,47.76738606348553,0
91.15094354085475,2282.984817083374,76.61471344018969,72.34030581286743,12.781158033452488,100995.66926739686,1017.9913198601273,41.021254650473544,0
99.06155106760133,2008.6558873059478,85.89008914874029,59.934909742449875,12.805510532384599,108173.09841059556,1006.3618749370306,49.05191493481283,1
88.68559793024322,2703.317885620881,82.00336856985952,41.04684648833133,12.372802570396619,152887.14214682658,1029.9201584671357,42.957688118489884,1
89.64731357904581,2382.471445785148,82.62231527288718,83.1051786877899,12.798424415700644,175769.09670734414,953.9125926920219,51.98566739349443,1
97.84405155096128,2716.484344821279,82.91558763544487,43.64705056361463,12.704302709691358,72026.19035375652,952.3888932724126,45.75071619028021,1
91.10172643623926,2572.710053322502,81.62404113106264,60.94038700854991,13.463606205920843,153405.429128923,1036.8706563123928,46.25845551071946,0
89.27933335033325,2931.4321649935173,79.81281476470421,67.62202063150612,12.401621674787835,193513.43742137964,980.5309319153279,52.86833812208553,0
83.60651459534441,2173.303741043433,69.98279329329736,75.03782183487539,12.673402233034027,75048.25149246507,976.0526627870154,46.01873480631139,0
99.7049331846858,2407.1873848463138,89.26502691603054,60.320145570350306,12.707625582908248,107626.12647507567,1027.2364021868127,43.98781836369546,0
86.29651061346222,2527.739720800325,74.16654116745094,40.40164399634918,13.102437577311461,59055.97816642964,961.4062364749437,52.2071963898906,1
90.22063874439297,2857.884943726551,83.59091987218325,81.76511233376021,13.410316760153531,67625.82722430424,989.0178248821222,52.83920358203982,1
89.4634465653861,2354.0913138944616,79.03614937011508,44.05088415313453,13.101303762019409,172224.4736526469,988.85419635308,53.699767430335605,1
83.38077877797033,2700.143726412405,69.8813126683395,68.4638791701469,12.543886925534105,53801.71091465656,973.0782692215371,48.80444910485955,0
91.65888977529507,2583.090411352912,84.17654959227679,63.45247720876657,13.206051740663662,163658.15092623624,1036.8423686224703,47.48555040332971,0
85.64781852786922,2426.9791105204804,71.3843543334276,75.58099866549958,13.23443623728429,93707.31748360742,1005.0296354991011,54.7454949618577,0
84.42724775949702,2468.386582568639,69.6897779569617,61.5292857412043,12.21370830500068,195826.72658438797,1040.386347180683,46.150652309006844,0
98.0424527018655,2849.488900008534,85.39831869021342,45.50418696165272,13.450822442395538,153363.58550019265,1019.734375134268,46.564303734017486,1
88.17439566120835,2977.287391125693,77.83901924155859,71.36458140252239,12.483757428536487,52818.6610942966,1013.6582735344433,45.87048145274392,0
95.9716191482746,2106.06406760964,86.66732274770148,43.959639727913554,12.984680050143682,134239.10869122864,979.6894439617024,46.502771292270815,1
92.027921548656,2664.0337253251837,82.05703005217708,73.14306347142093,13.385278364190711,50489.679961511356,994.5809743057877,48.28987328322634,0
87.74864237452773,2439.00758943254,80.81040634805672,67.54347407499903,12.646435739266185,57767.26786410227,981.0768765067711,45.03363089134462,0
81.49043666904036,2192.6663871539104,72.78159776657475,73.67085031918066,12.458765487339312,83586.28236793425,962.3926070442908,46.95831581134436,0
94.20312440765214,2306.353226162995,85.89472051284748,60.39143899921521,13.059547509928136,170769.7397260851,1006.1679678088702,45.297969340358925,0
83.75158718131627,2165.9552927472205,69.33590149693842,53.690068210726714,13.002120567316329,118848.10693780519,1040.6156916474745,54.97463397081918,0
94.20072170895682,2046.199461562104,81.73906171627858,43.26370731834546,12.561808281801236,114878.2704348329,954.5169853564232,44.064825893232026,1
83.0284236068001,2462.5100107107774,73.83646677654761,46.79057713046629,12.585332708644092,161106.3320682617,960.1957106851042,53.08174084042541,1
97.10023787588129,2518.374508612553,84.60871750571697,65.76911187906899,12.104695492199152,141634.04573895375,1008.8404232536838,46.91860559088016,0
92.60994703387917,2442.017003607385,84.53173815118582,47.25925830637658,13.341049411912316,126531.11032200974,1000.4280506086716,51.89658329217975,1
85.65855845834074,2529.8955514178615,80.4800406762838,59.89981344274511,12.093569568856811,165399.03770756055,1030.186811492228,49.89738135841826,0
99.20543721235376,2168.607627132759,92.34042069740885,42.462771108000574,13.31830746458608,128413.42152040153,1031.2970221746396,50.52518544204406,1
94.71695685944037,2603.987442852471,80.11342247876446,51.780493217896975,12.428844705974836,69915.44886249345,977.390329018709,42.917430205011854,0
80.25946494569772,2169.137567505245,69.20184359990814,51.651112004946256,12.308029214081946,69920.0054641217,972.0030897856857,49.45942620092772,0
96.22009878652685,2680.7555482471093,82.88938770023844,68.65368199432656,12.189871150161778,125791.5476061975,993.8182206465455,54.3059621429422,0
92.47495402200184,2027.5824315783957,79.95531284713759,83.49726117372239,12.124499177451284,159340.66189874377,1031.5450663637803,52.130994373008676,1
86.18411771710092,2044.86145777726,79.01396086204475,48.65988182478289,12.665720013420838,84327.99915188797,1000.3449717343773,46.842026708141844,1
99.14553820686521,2783.1569964825326,93.21776227648337,40.463482575055124,12.485904076526252,174152.1168772206,1003.6831925613301,43.9506953464155,1
96.95946683303431,2222.2887596410887,83.8514809749674,47.61384431686539,12.665788685481548,188290.22338892086,1010.8207932857804,46.4441734746821,1
80.17333333884797,2801.118214629374,69.10909489068652,50.06028745221151,12.508520056911191,102001.17704593319,977.5753224395926,54.5132399404892,0
80.86264866850406,2815.064472087233,71.23144249708818,51.971917070605684,12.661640651157755,182398.80208656716,1044.8786966223454,54.721969338739115,1
92.20041883607098,2501.69103496385,77.21224904789477,80.30327947289703,12.918722480581106,86227.47700399147,969.9917133547885,41.919190007905236,1
93.82193471218682,2222.061616011951,81.91088202793074,54.92807713843798,12.72473573123577,160228.3905171586,975.1850246864237,40.35283147116913,1
80.61186279631383,2598.2541066051767,71.16151126473893,84.63325668269522,13.338228463568214,152145.79252294148,1007.3814699094332,40.43075986408072,1
90.10187729020626,2208.8810835316776,82.48994644906305,48.21211677352819,12.114749398583509,102109.61775472331,988.0883026931305,47.84231394216077,1
88.21433693065774,2190.43104129897,82.54728272608652,77.53959606181004,12.38725138760567,85050.27080806735,979.610268149341,41.03317755405261,0
89.61226793402264,2391.021762820111,77.19163631110612,56.6476593007768,13.199691329983665,68450.29357035588,958.7177444771139,52.91054330509087,0
99.53060350216239,2486.6315946866434,87.04935693679771,47.178094383452304,13.21871412443336,176855.73474912732,1002.2734619811381,45.251619352743404,1
94.69359092832822,2078.787816959201,80.9675415807726,73.341733260725,13.167029546020498,57030.12436529515,1028.2522914488304,48.947387718784,0
84.50709998014406,2444.1972335727464,70.9489683821964,46.6591908449117,13.169769274891822,98810.83253735409,1010.561782252043,45.69235128837872,1
