Engine_Temperature, Engine_RPM  , Coolant_Temperature, Oil_Level   , Battery_Voltage, Mileage    , Tire_Pressure, Fuel_Pressure, penalty     , RUL_Hours
       97.04558232, 2209.511046 ,         90.37761118, 104.2207075 ,     23.37391684, 415643.0785,  114.909509  ,  109.8895064 , 51.1907885  , 1279.633642
      106.3156271 , 1912.53188  ,         95.81421393,  97.66830946,     24.5040831 , 130861.5695,  113.8660236 ,  127.0507049 , 77.36293577 , 1245.58689
      100.1104895 , 2203.417105 ,         89.38966984, 117.7692961 ,     24.54465891, 351958.4119,  111.6738867 ,  126.6044577 , 25.43331051 , 1292.894922
      106.2834172 , 1261.667678 ,         97.19957961,  88.18252218,     23.99369163, 292429.401 ,  117.1450462 ,  126.6693418 , 9.834270716 , 1348.425708
      103.6419905 , 2189.638798 ,         86.17043482,  90.5225407 ,     24.40343255, 115198.0678,  119.6340025 ,  129.6440095 , 2.804954785 , 1342.913691
      108.3250282 , 1739.488878 ,         89.27263231,  81.19554202,     24.92830011, 235764.4221,   94.04212442,  116.1328645 , 15.61665898 , 1341.971449
       93.22587689, 2485.876497 ,        102.1402314 , 104.1703927 ,     24.74526595, 293323.1324,  102.3333491 ,  119.9134171 , 116.3006997 , 1247.508754
       97.40049021,  547.96562  ,         85.55653841, 119.8421355 ,     24.2043549 , 294132.4817,  103.4831076 ,   95.36833695, 69.77875669 , 1285.533583
      107.1955274 ,  834.356286 ,         96.79001519, 117.4071457 ,     23.60532188, 246316.2589,  105.336669  ,  118.7287234 , -26.9074005 , 1390.062664
      100.8497681 , 1970.932786 ,         86.24020132,  75.01308038,     24.87631886, 105085.7556,   99.11230833,  137.6428836 , -28.11905829, 1376.728413
      108.7440269 , 1977.277962 ,         93.25970368,  82.06180331,     23.85781996, 382568.5358,   94.2605283 ,  129.3222474 , 50.77536522 , 1275.484767
       99.33087472,  651.4134419,         89.06783357, 119.5866368 ,     24.55789089, 300552.5982,   90.36861296,  131.3046312 , 44.30801277 , 1326.848271
      106.2860654 ,  560.6351463,        101.3963314 ,  82.03331117,     23.68500225, 230276.761 ,  113.8195788 ,  126.6253666 , 53.17533456 , 1285.042423
      106.3698957 , 1773.693444 ,         98.73417456,  73.69038079,     23.94493742, 357520.4457,   87.06082791,  118.5411561 , 33.39092319 , 1297.897151
      102.5366156 , 1207.573161 ,         96.87516171,  85.87909092,     24.77381351, 181466.0998,   85.5841047 ,  113.0288281 , 8.912722487 , 1337.52892
       98.92354904,  638.7877893,        101.4894782 ,  77.06734181,     24.42885508, 312688.9492,  109.6974124 ,   88.16227308, 27.81463116 , 1303.929151
       96.51487887,  756.4119869,         89.4096655 ,  75.41020093,     23.05985647, 265131.0231,  117.8759232 ,  135.9472074 , 19.11645769 , 1322.534935
      104.0118282 , 1770.317453 ,         87.84375241, 107.9667956 ,     24.69099241, 498798.8474,   86.1754452 ,  138.7216723 , -33.33654297, 1390.217621
      109.9319671 , 2084.119453 ,        104.2357241 ,  74.88747288,     24.67538036, 426818.3709,  119.7260116 ,   97.01526066, 6.380142513 , 1350.586692
      107.5202547 , 1896.516554 ,         96.24464536,  74.89666436,     23.9720956 , 477517.8584,   90.31338394,   88.85502467, -1.310196213, 1333.353595
      104.7806531 , 1917.43261  ,         90.67009701,  85.36481115,     23.26100488, 181457.0505,  115.5567426 ,  109.597248  , 17.44113178 , 1322.804761
      101.3918205 ,  561.7547358,        100.3785644 ,  92.68857645,     24.00660877, 164437.6582,   87.83150634,   85.91227093, 125.7926389 , 1245.694021
       98.44005571, 1569.840512 ,         89.28337398,  76.13229976,     23.15441303, 264430.2132,   90.12212455,  110.9456784 , 36.66028669 , 1323.267716
       93.02761321, 1091.907472 ,        100.8590599 ,  83.83720978,     23.90951969, 133147.4038,   97.50989165,  109.3274948 , 13.85905563 , 1377.642245
       92.46790963, 1109.413927 ,         98.38333372,  75.84618263,     23.59819927, 153549.6833,   85.55640223,   84.684491  , 82.72789225 , 1290.874671
       95.55226101,  898.0759215,         85.23011573, 110.9983402 ,     24.25865132, 194847.4657,   95.79899807,   85.05769626, 34.9163274  , 1337.969534
       99.76805431, 2095.255793 ,         86.73464713,  80.72423926,     23.69868325, 242852.0211,  104.6150645 ,   95.21984619, -1.713779121, 1323.956408
      105.7030554 , 1676.97841  ,         94.00675314,  81.60357781,     23.9627176 , 261932.0662,   84.83037885,  109.7046354 , 9.944890677 , 1355.332316
      106.307688  , 1207.844066 ,        103.5545291 , 114.4504475 ,     23.0883491 , 387543.4054,   80.52635926,  115.5295414 , 103.814635  , 1245.123229
       91.46363485, 1089.314462 ,         88.85472273, 115.0907344 ,     24.46232755, 312612.6937,   89.9577349 ,  108.8710168 , -1.478846312, 1340.45921
       91.49642652, 2368.806505 ,         98.3752458 ,  72.05858721,     23.6070937 , 267433.4772,   80.06071809,  126.2776953 , 28.574994   , 1324.785313
      106.2361858 ,  642.6987707,         90.80608122, 109.6556472 ,     24.06558893, 397944.4095,  119.3202119 ,  136.275842  , 3.160840677 , 1365.74339
       96.50970635, 1684.579893 ,        104.2096812 ,  77.42435595,     23.07714785, 268429.1438,   88.86293875,  104.5307001 , 36.21067077 , 1323.805961
       98.47256182, 2461.830856 ,         94.3891215 ,  96.89378644,     23.59475841, 324160.1476,  103.8721402 ,  115.4174207 , -1.3554103  , 1333.785934
      107.6975401 , 1863.25699  ,         87.02769787, 104.0205407 ,     24.90303829, 288594.8079,  101.9703578 ,  135.635453  , -4.80607769 , 1369.655256
      108.8956018 , 1859.111186 ,        101.4158477 , 106.3773033 ,     24.48899994, 143253.8004,   96.64642715,  123.3622324 , -1.050777251, 1338.299026
      104.8306708 , 2329.080015 ,         89.79428645, 108.775577  ,     24.31606396, 305987.1645,   87.39214299,  115.9968363 , 35.72286361 , 1318.610799
      107.7381714 , 1347.639928 ,        101.5670534 ,  85.25869699,     24.32579788, 483305.7571,  118.8686877 ,  136.8045286 , 40.50647317 , 1303.426526
       93.02542819, 1304.536819 ,         91.85560772,  97.55852253,     23.29694284, 470589.9138,  117.2605406 ,  115.5527817 , -4.52452013 , 1350.147195
       92.51557596, 1658.768931 ,         86.76901495,  81.4919283 ,     24.20699411, 178129.7479,  114.9703438 ,  117.8221785 , 63.69560993 , 1301.62925
       93.81623307,  819.9415076,         97.66012983,  93.79553699,     23.08984959, 483249.9978,  104.0577505 ,  128.7043042 , 18.44816051 , 1310.747965
       96.70208426, 2062.418718 ,        102.0542536 ,  85.69254981,     23.43931041, 207164.2159,   98.77491578,  121.5330242 , -42.8333603 , 1431.737262
       99.64283319, 1070.540901 ,         85.6146077 ,  97.77146024,     24.845092  , 249747.3532,   96.28711039,  131.0211071 , 8.999876625 , 1304.578402
       95.63398168, 1532.815532 ,         89.1021791 ,  82.71017108,     24.85803735, 300257.6911,  105.4156238 ,  114.1650038 , 28.14712311 , 1309.899523
      106.7745741 , 1057.455134 ,         87.17186797, 103.7807377 ,     24.11406921, 332515.4781,  119.9265086 ,  115.634708  , 70.74502423 , 1286.659214
      101.5350114 , 2192.611456 ,         99.2006499 , 113.0270918 ,     24.45517265, 444039.0926,  105.7164784 ,   90.4234038 , 29.13987655 , 1332.546407
       96.99668385, 1473.447695 ,         88.52528806,  93.31002825,     24.24951336, 154121.8444,   96.48640286,   85.39901009, -17.14711902, 1365.137605
       93.23285724,  993.0795052,         88.58537171,  91.66152922,     24.75710671, 370712.8559,  118.5115107 ,  131.9617084 , -5.415538409, 1354.267724
      109.6550957 , 1470.781594 ,        101.990576  , 107.6204082 ,     24.83718606, 258785.2552,  107.3655033 ,   89.08280447, 67.9363367  , 1290.274665
       91.43024462,  799.7782422,         93.70553934, 106.3458516 ,     23.74586043, 402654.4837,  107.5142301 ,  112.3674147 , 62.52726471 , 1282.851346
      105.1945655 ,  735.5715303,         95.74145113,  71.36793967,     23.9756128 , 188415.9995,  105.5591678 ,   89.65592584, -17.6568662 , 1395.520491
       96.17657969, 1314.55378  ,         85.05025655,  73.69677817,     24.42259056, 470648.4477,   91.03197113,  106.8806291 , -13.44694986, 1380.233932
      101.3111031 ,  611.5563011,         89.58562105, 115.096722  ,     24.32886718, 161655.368 ,  108.0106709 ,  116.0363662 , 90.96282649 , 1276.493661
      106.5477372 , 1581.663108 ,        104.0827244 ,  79.3322562 ,     23.16645297, 480445.0294,   89.09174987,  132.7832452 , 34.97692786 , 1295.699938
       99.97878637, 1358.962115 ,         95.7575471 , 105.9504616 ,     24.18101232, 347683.7896,   85.87029768,  131.9853196 , 19.79468291 , 1328.617549
       91.45634999,  881.9987937,        100.7420812 ,  90.19216995,     23.74736727, 330760.9342,  107.9331583 ,  126.4594268 , 46.97873165 , 1297.011949
      101.535447  , 1072.226251 ,        101.5871131 , 105.1519529 ,     23.11344775, 291407.7221,  112.866143  ,  130.0241642 , -70.94910557, 1400.837078
       98.73966632,  890.8385167,         93.8236673 ,  82.90330098,     23.79159832, 216118.8729,  107.8616104 ,  109.6081817 , 25.99388198 , 1331.209402
      106.8385273 , 2067.205304 ,         90.04404625,  76.51193568,     23.64104814, 328106.1977,   83.11371271,  129.5050723 , 32.90894353 , 1306.338141
       93.44931026, 1384.758531 ,        103.5567058 , 109.5224961 ,     23.66868112, 326908.8414,   88.83635073,  102.5113492 , 68.10969075 , 1294.998386
       99.70879408, 2059.695384 ,         96.57259709,  90.55747856,     23.98015788, 370282.8236,   85.91078826,   90.28784836, -12.24669719, 1340.842866
      100.4531227 , 1211.519083 ,        103.757807  ,  99.08430681,     24.63468319, 372304.8688,  110.7544976 ,   93.15566993, 33.47849495 , 1350.902317
       93.39139065, 1838.777124 ,         96.49665684, 100.8423775 ,     23.72083997, 353945.6186,  111.712273  ,  100.6043431 , 31.17788114 , 1300.895466
      109.1739639 , 2240.454602 ,         88.71180178, 111.5975579 ,     23.00142012, 299465.1446,   94.00587703,  137.7439876 , -0.363124887, 1354.749172
       95.05185978, 1260.108206 ,        102.7474038 , 108.8691474 ,     24.85770529, 470461.7864,  106.7253546 ,  118.91702   , -2.052882169, 1367.890068
       93.29593716, 2280.799547 ,         91.02962007, 119.3514777 ,     24.57410845, 220097.2905,  105.985534  ,  137.3098668 , 18.41264163 , 1320.17455
      108.1473137 , 2163.647745 ,        101.9581161 ,  81.63216466,     23.12475776, 206819.4363,  106.2287156 ,   95.36980423, -17.86113937, 1384.910512
       97.37252432, 1643.252105 ,         85.37426869, 116.8248422 ,     23.31243691, 367389.9229,   98.57549172,  111.4672461 , 41.01309778 , 1284.40323
      102.4245902 ,  749.1858796,         97.55394824,  89.09831158,     24.49148322, 273895.836 ,  105.2648503 ,  100.2471586 , 45.54069252 , 1333.501662
       92.91940061, 2286.510433 ,        100.597616  ,  71.98341987,     23.66644125, 322932.3209,   93.25070111,   80.19777217, 2.430471164 , 1347.852514
       95.06065148,  909.9896725,         89.60645104, 119.0064282 ,     24.43503282, 301691.9895,   86.57199032,  124.4751132 , 23.83339526 , 1314.238377
       97.33962509, 1347.608732 ,        104.2034874 ,  88.69557266,     23.50234528, 454472.6017,  115.5374287 ,  118.7621369 , -11.72319787, 1355.739562
       96.69675101, 1039.007998 ,         89.02577371, 102.4191863 ,     24.40880131, 479026.9758,   98.64997424,  114.1216828 , 10.4105003  , 1355.767885
      103.1787723 , 2023.899129 ,         99.54595191, 101.2329093 ,     23.90237202, 470551.0637,   90.29927026,  121.2519493 , 29.07718284 , 1309.233711
       91.99528988, 2190.477355 ,         85.61601904,  83.16018941,     24.024107  , 100904.6595,  110.1299086 ,  114.8377083 , 102.8898173 , 1232.123029
       95.85109618,  551.8799901,        102.8185326 , 107.6548918 ,     24.06520543, 314955.3078,   89.04243973,  105.7573615 , -21.96823528, 1367.537503
      109.595241  ,  699.4789944,         86.81063235, 105.8813847 ,     24.08416382, 409857.8612,   80.16647088,  130.0827577 , 75.03027398 , 1251.430484
       93.53044445, 2261.930991 ,         99.82419034,  93.31176867,     23.44269485, 151147.327 ,   81.83408844,   84.65823881, 39.92933916 , 1346.481539
       93.09522159, 2215.555961 ,         86.20390034,  93.95667695,     24.88862464, 184748.751 ,  104.0369102 ,  116.6750437 , 46.14978336 , 1292.522325
       93.20738523,  681.9730491,         88.10901858,  91.94475574,     23.94206303, 105980.0886,   97.44744787,  109.3227816 , 88.23177048 , 1278.400565
      103.8832306 , 2243.980038 ,         89.85955443, 118.5211503 ,     23.59578068, 425592.5211,   97.56330566,   82.31674771, 10.85097488 , 1343.338427
       99.41088262, 1563.356933 ,         87.99979257,  95.17895121,     23.08890469, 195139.2353,  100.1459154 ,  131.806793  , 12.27391654 , 1318.035403
      105.3008796 ,  927.9136156,         98.49940833,  87.43597486,     24.50711392, 433962.2632,  104.1064442 ,  113.2939302 , 43.28923614 , 1306.59167
       96.7752659 , 2490.01453  ,         85.92212573, 114.3792844 ,     23.37894346, 371004.6847,   94.40807431,   91.02369198, 100.499126  , 1265.18093
       91.88814469,  831.709785 ,         96.32896716, 113.3139092 ,     24.37101411, 422402.7778,  105.307997  ,  136.0926456 , 52.92226231 , 1293.312511
      108.9238346 ,  786.6081879,         98.28431836,  84.71614846,     24.13073664, 297187.3568,  114.1120061 ,   88.92731288, 13.54361433 , 1360.318645
       98.76862773, 1543.392581 ,         98.21967504,  72.36871785,     23.16784421, 199326.8574,  103.0302057 ,  116.5424499 , 0.969251107 , 1369.461057
      109.1488937 , 1526.683682 ,         99.91928334,  74.1010653 ,     23.16012634, 384573.9578,  106.1578066 ,   82.46929103, 23.80821821 , 1344.570079
      104.1817458 , 1352.041442 ,         87.49851798,  85.7660529 ,     23.59786242, 152994.0405,  119.7172004 ,  126.0291578 , 5.498073724 , 1335.308791
       95.84424354, 1186.442293 ,        102.9486731 , 114.0606203 ,     24.85808104, 130172.804 ,  101.3588204 ,   82.0930462 , 16.02283603 , 1312.380315
       94.64499006,  536.9390674,         95.6569796 ,  96.81519588,     24.63019887, 333738.5129,  117.1436132 ,   81.13846127, 67.99626474 , 1269.731983
      109.1718304 , 1092.80118  ,         97.83406549,  70.06167298,     23.16145202, 123514.1596,  101.9846704 ,   92.39527944, 29.75516747 , 1324.169651
       95.68793921,  563.6972854,         94.95246761,  87.42711237,     23.28921321, 150400.5868,   99.11965096,  138.0717879 , -0.644528467, 1361.560263
       94.09737156, 1588.213952 ,         90.14589108, 107.3528809 ,     24.53153028, 312856.6993,  110.7569681 ,  109.3942897 , 32.74728326 , 1273.821289
      100.8831916 , 1477.670278 ,        104.1045539 ,  95.58765835,     24.22827175, 437089.567 ,   97.19599842,   81.16596256, 61.89813056 , 1287.939605
       95.011073  , 2210.031062 ,         92.49079451, 111.1912347 ,     23.53592894, 156938.306 ,   87.70464893,   90.37647991, -62.07004649, 1415.231831
      104.4042516 , 1496.436384 ,         85.49687662,  78.01767513,     23.18579366, 166911.5641,  116.8961073 ,  131.9271115 , 2.145647862 , 1342.303467
       94.4431389 , 1342.211844 ,         99.87754684,  93.76927965,     24.53708143, 185921.5704,   80.3855686 ,   86.68066535, -2.198347667, 1378.023824
      103.1859401 , 1622.337274 ,        103.4110212 , 100.253661  ,     23.69718618, 192297.8628,   87.57125445,  107.6113153 , 68.26134535 , 1290.174256
      100.627891  , 1012.31753  ,         99.17398903, 116.0196492 ,     24.53141154, 381606.1649,   91.69334588,  111.4855363 , 11.77708778 , 1364.42675
       93.1491078 , 1095.10364  ,         91.00472306,  74.64682075,     23.28914799, 334630.4495,   88.6488611 ,   83.37234019, -26.50524843, 1372.186038
      109.6919515 , 1679.86115  ,         87.03998812, 117.1844357 ,     24.35974191, 305584.1813,   91.86102029,  114.1355139 , 17.32816101 , 1351.421389
       97.13040473, 1374.661867 ,         97.96532641, 106.4403793 ,     24.45346438, 183714.8791,   91.2675522 ,  109.7816993 , 3.415906268 , 1379.285422
      106.0213387 , 1488.278135 ,        100.1651285 , 106.0429493 ,     23.93187228, 230854.1691,  104.922573  ,  108.0458439 , -16.47575932, 1392.709628
      102.3727188 , 1593.807088 ,         98.98208056, 109.1050038 ,     24.98014698, 292121.6994,  115.1454249 ,  122.9749227 , 17.89445511 , 1310.262713
       91.0410241 , 2469.180217 ,         99.75222971, 117.0222091 ,     23.84119101, 217890.3234,  113.262618  ,  116.7943053 , 27.90959569 , 1317.016883
      109.8284036 , 2076.545229 ,        102.3781769 ,  86.99055286,     23.68393016, 474858.4469,   95.39638477,  101.1147169 , 34.39341669 , 1308.703289
      108.5444205 , 1236.28976  ,        104.0319726 ,  75.76999234,     23.23127019, 212031.0151,   98.38633076,  125.5998893 , -77.48649624, 1437.271587
       92.59395818, 1983.223395 ,         93.20276903,  81.67165653,     23.31436556, 110799.5595,   96.64019972,   85.57512801, 50.11250796 , 1313.614563
       97.0919252 , 2126.781391 ,        100.6788258 , 118.8870505 ,     23.68174941, 490946.1308,  117.2085492 ,  128.9498331 , 86.45569409 , 1246.766452
       95.86715116, 2482.542391 ,         88.65477841,  93.22842805,     24.40808632, 438439.7667,   98.32594069,  117.9268688 , 40.30405268 , 1311.052718
       97.56116977, 2198.928893 ,        100.9340443 ,  85.80372883,     23.02063063, 414468.3197,  100.3647605 ,  111.0932241 , 4.108667002 , 1305.492786
      100.341145  , 1864.965528 ,         85.16637562,  75.48821944,     23.92203331, 379639.3085,   88.33662963,  114.3675396 , 18.9803447  , 1359.858555
       90.4214441 , 1013.469026 ,         87.95149803, 101.1307297 ,     23.32509952, 208176.3272,  101.3865569 ,  134.5215449 , 47.6588875  , 1292.093628
      102.7275636 , 1322.500127 ,        101.8222424 , 113.1788574 ,     23.97738108, 493455.5835,   83.63693228,   89.13840467, 42.01352761 , 1309.103751
       99.33941705,  755.6853659,         92.46539206,  83.41658213,     24.96741523, 463312.4122,   89.60626277,  105.4916255 , 20.63090907 , 1323.176097
      104.3658431 , 2324.189856 ,         96.81420742,  96.26972728,     24.69888947, 142353.7415,  116.3073279 ,  110.7820462 , 20.61200315 , 1352.308548
      103.2321132 , 2139.439608 ,         95.64441481,  72.83970389,     23.04493115, 238616.9286,  109.3023831 ,   92.66276951, 36.46168219 , 1256.788189
       93.42380248, 2374.762216 ,         98.7065362 ,  92.71761314,     23.36135789, 173521.0833,  109.9778207 ,  105.7462418 , 52.24587469 , 1297.421919
       98.16766418, 1734.536235 ,         88.44255692, 102.4442811 ,     24.94248984, 222574.1816,  100.1898415 ,   84.79132848, 57.68893539 , 1290.19469
       94.65471173,  829.2543627,         93.26614343,  86.0227459 ,     24.0750291 , 231129.294 ,   89.06382415,  111.8873864 , 52.47401388 , 1288.453258
      102.0883206 , 1593.309809 ,         85.29546802, 108.6386158 ,     23.523017  , 111202.395 ,   95.59859004,   90.46176508, 55.83068441 , 1328.693847
       94.96864644,  657.8635365,         85.83784012, 112.1372765 ,     23.92075617, 145710.1786,   83.09021246,   80.62465737, 53.24408835 , 1279.009323
       98.85948903,  984.8887739,         90.34813818,  89.82738241,     23.72659159, 325751.7971,  118.4161325 ,   82.34546435, 63.43486057 , 1302.001063
      107.3741396 , 1139.762655 ,         87.67373918, 105.1356689 ,     23.22695636, 403426.8026,  102.8754465 ,  107.5102365 , 26.13315445 , 1330.991901
      100.072247  ,  824.8311175,         99.66757003,  75.76949822,     23.37410649, 175017.0244,   95.74763195,   97.96407632, -0.176938033, 1375.407323
       94.84013813, 1246.102449 ,         98.16440892,  77.81127801,     23.46436994, 368870.0456,   89.00428454,  122.163585  , 79.54379405 , 1257.112424
       97.50373839,  980.5364863,         98.26154211,  77.92581046,     24.22711056, 191871.4391,  102.4156274 ,  114.1465118 , 9.743021415 , 1325.597601
      104.0947541 , 1898.627644 ,         90.35743526,  83.00076193,     23.44946355, 471458.7546,  115.9704407 ,   88.92960141, 18.5316388  , 1353.389759
       90.15008725, 2036.920057 ,         85.62827548, 103.5399761 ,     24.97880611, 206129.4792,  104.7439444 ,   95.29391896, 7.772486488 , 1350.73394
      101.6594245 , 1532.347069 ,         91.03988075, 117.2185415 ,     24.236335  , 178166.6461,  105.2284634 ,   81.33867251, 5.853333589 , 1313.24792
      100.4249066 ,  752.4835916,        100.2278831 , 106.0867081 ,     24.41325558, 351884.9692,  103.9651238 ,  123.0384375 , 58.13338346 , 1281.080516
       97.0500926 ,  802.715165 ,         87.90470895, 108.434117  ,     23.10172546, 236728.2416,   83.9640837 ,  104.0030751 , 39.54394521 , 1318.183708
       97.09673396, 2022.633874 ,        100.286419  ,  72.31489446,     24.23342796, 171039.0038,  110.4983734 ,  118.8368005 , 14.60074085 , 1352.154544
       95.45112507, 1243.345447 ,         86.66231563,  78.74737806,     23.01237127, 280125.4923,   89.31133534,  123.4792596 , 64.00417819 , 1272.411209
      100.9859556 , 2274.460786 ,         89.15696528, 113.3683094 ,     24.84696236, 481010.6119,   81.50821127,  132.9386434 , 68.1030444  , 1223.611836
      109.8230322 , 1002.042529 ,         85.19390637, 101.5862479 ,     23.44192636, 300409.2613,  114.7638256 ,   86.92238821, 38.7157259  , 1321.748738
       98.95758431,  752.0183192,        100.0633518 ,  72.09495542,     24.03702678, 217384.3026,  115.2103371 ,  110.3928134 , 34.39990859 , 1291.193678
       99.05897861, 1588.963206 ,        101.5528663 ,  81.93831109,     23.89685018, 367773.7326,   94.05325768,  113.7784251 , -14.43721771, 1324.090442
       95.15297732,  557.2875025,         96.5195603 , 119.5306619 ,     24.36638999, 421737.1181,   93.80673416,  129.5507103 , 38.40655513 , 1254.946926
       98.65424959, 1036.175267 ,         87.67323058,  75.1575965 ,     23.39869649, 293783.5496,  111.0460726 ,   85.04540224, 76.53604362 , 1289.743574
      104.5550021 , 1390.427278 ,        104.7625213 ,  95.84454873,     23.53379735, 112924.0617,  116.3279405 ,  129.4601132 , 38.86764664 , 1313.704702
       93.72110267, 2321.969281 ,         96.42289294,  89.18196291,     23.24575887, 407634.651 ,  116.2801735 ,  139.1830699 , -7.652290888, 1353.139163
       99.77062756, 1621.509806 ,         87.40100212,  97.84008589,     23.64187579, 223136.5802,   85.55610135,   98.51740625, -1.752618216, 1379.533106
       95.52901183, 1403.04468  ,         96.81039694, 106.4845526 ,     24.42276487, 292456.1346,   84.49891705,  113.0751059 , 5.415026997 , 1357.331467
      102.9027891 , 1709.672503 ,         92.11328615, 116.3989462 ,     23.88530049, 445392.6247,   88.83942752,   88.97082082, 0.9040971   , 1381.421904
      108.5196471 , 2418.290292 ,         94.00283953, 109.7456928 ,     24.39083106, 247247.7177,   88.46642306,  138.2906149 , -2.049821295, 1324.195112
       99.61371014, 1712.28395  ,         86.95103464,  88.06778545,     23.12678751, 222490.7079,  115.6500538 ,  123.3163138 , -37.69006658, 1386.999054
      107.9572545 ,  956.7070667,         86.11060063,  77.40638876,     24.20520478, 358031.9119,  109.7943537 ,   81.93820148, 20.70129179 , 1296.964441
       93.55001467, 2379.398845 ,         93.68245228,  94.54971193,     24.96540212, 450834.1995,  112.0228583 ,   90.08530633, 46.33455685 , 1299.077797
       90.48695764, 1055.50235  ,         94.81804566, 110.2813514 ,     24.64108167, 415472.342 ,  113.0692394 ,  126.8030293 , -8.902972421, 1353.930655
      108.9529461 , 1164.03318  ,         86.00635557, 107.7547273 ,     24.71992354, 471411.3526,  106.3012031 ,  136.496801  , 52.7789925  , 1309.75328
       95.48066867, 2498.330052 ,         92.76795382,  93.26797929,     23.51729264, 490973.6096,   81.12563734,   81.79652331, 36.71364856 , 1314.197629
       96.75878711, 2104.494252 ,         89.14987975,  91.16896037,     24.95951107, 290870.9131,  111.119811  ,  111.7249965 , 55.24590232 , 1307.222241
       95.38363391, 1727.013619 ,         87.45329893,  97.01921364,     24.8917095 , 177224.9409,  106.5931629 ,  104.800255  , 31.26502116 , 1332.803782
       91.46747949,  799.7929319,        103.9284403 ,  70.93594406,     23.64827376, 268924.3204,  111.9854996 ,  123.2332267 , 58.6011863  , 1334.497387
      104.7742607 ,  926.2299346,         98.03919587,  77.77722917,     24.79412666, 484800.3348,   82.07771632,  112.8021125 , 7.412049475 , 1336.282017
      105.0610627 ,  875.5033693,         92.67328898,  81.95317602,     24.76241148, 458178.2412,  115.3482336 ,  117.1634276 , 71.2351072  , 1259.944439
       95.40179446, 1272.444691 ,         96.5215088 , 118.7054356 ,     24.95737785, 101495.5644,   97.03665452,  108.8221275 , 20.8511034  , 1334.070569
       97.96469008,  544.4851164,         98.0269637 , 117.5984106 ,     23.34896731, 326745.0128,  112.8006074 ,  119.4972202 , 13.63085189 , 1320.323548
      108.3181547 , 1348.068702 ,         89.21983538,  74.96381746,     23.69385386, 252413.9657,   94.0733886 ,   86.85368741, -32.72306884, 1412.362284
       99.33585206, 1777.16686  ,         91.95878338,  97.01770691,     23.98109377, 465760.7901,  115.114326  ,   93.42825756, 15.20911362 , 1329.126526
       99.23498336, 1362.549328 ,         98.91876653, 108.3849905 ,     23.18013848, 370372.3161,   90.48350966,   90.4799776 , 57.32532996 , 1281.363143
      102.4625005 ,  727.640527 ,        101.384494  ,  70.33115045,     23.38760185, 236916.0644,  104.2656547 ,  101.8246314 , -21.07977498, 1361.653461
      105.686535  , 1262.267333 ,         98.6656121 ,  75.25414786,     24.98907386, 222098.5811,   93.56016566,  105.09221   , 24.5717418  , 1339.796607
      107.0854673 , 1594.43355  ,        100.3330242 , 111.0409755 ,     23.67945446, 406935.8982,   98.564349  ,  111.8969431 , 19.91799707 , 1326.927063
       91.69239091, 1063.798503 ,        104.0739619 ,  98.88352195,     24.59073298, 420951.5765,  111.7380064 ,  139.9712323 , 69.35832659 , 1267.808337
      108.5363615 ,  909.146764 ,         88.9993202 ,  96.47841621,     23.81884283, 114682.5452,  102.5286633 ,  130.6721524 , 15.2386929  , 1368.068345
      109.5621441 ,  552.8550952,         85.35603805, 102.7478005 ,     23.7662169 , 304807.5502,   81.96252433,  105.4158697 , 26.87726166 , 1305.999342
       99.99941368, 1681.810992 ,         92.32501137, 112.5430787 ,     23.49297151, 206650.2004,   98.35752665,   96.86154674, 37.99638128 , 1312.71494
      100.3766338 , 1960.279653 ,         88.36007664,  85.49104707,     24.56992797, 249006.0765,  116.084674  ,   99.1223917 , -1.910477433, 1364.956601
       98.13916183, 1997.370546 ,         99.52315646,  70.59763839,     24.47679297, 278540.9949,   87.74317207,  123.8841518 , 22.73737808 , 1294.63592
      107.1823861 , 1921.798303 ,         93.61437749,  72.63235673,     23.04494139, 235035.9488,  109.0018638 ,  110.2874591 , 48.93889533 , 1310.666315
       93.95139519, 2197.92212  ,         87.1831965 , 101.9630414 ,     24.06363627, 480015.123 ,   94.88788448,   98.89858742, 5.972367106 , 1322.925479
       95.90583675, 1506.020511 ,         88.15792225, 107.7232219 ,     23.50884485, 474425.6782,   90.56564465,  133.5978276 , -17.68379473, 1384.13945
       98.73872124, 2344.360506 ,         87.83794884, 105.7376568 ,     23.66159483, 378844.3968,   82.03004666,  110.1976471 , -38.53934814, 1369.286328
       92.54148279, 1588.156864 ,         91.42830163,  76.06739447,     24.79413339, 336248.2372,  119.2828229 ,   84.70942122, 25.63771982 , 1338.217661
      106.7407353 ,  759.8525371,        104.5244583 ,  78.08773785,     23.48714475, 143794.3811,   85.83277998,   86.10492585, -15.4673263 , 1387.583988
      105.6895602 ,  870.4210024,         98.35409007, 104.4472378 ,     23.77758697, 218466.5981,   89.53723647,  139.4652059 , -7.070698351, 1374.299429
       94.17446875, 1117.076281 ,         91.37575739,  87.82232353,     24.81204861, 411254.6867,   96.78948795,  123.3102273 , 38.27114955 , 1316.755183
      101.4949637 , 2112.398273 ,        100.6479394 ,  93.81485632,     24.98964127, 378619.6879,  117.8031203 ,  114.2691276 , 55.02023052 , 1290.353751
       96.82516266, 1594.407236 ,         96.6134975 , 114.1060562 ,     23.63000495, 168900.0079,  105.9273439 ,  137.5381835 , 13.51905293 , 1324.952556
       97.33608609, 1313.720797 ,         96.90464994, 112.8405206 ,     23.12296126, 157844.5845,  102.9332339 ,  102.2212518 , 19.60075355 , 1359.81994
       99.96427879, 1799.237287 ,         96.39653082, 110.8278882 ,     24.54730226, 281495.1292,  110.1541383 ,  121.6983246 , 26.63868898 , 1309.371407
       96.30420092, 1771.830134 ,         96.70767585,  70.596167  ,     23.89346489, 179563.34  ,  109.9633512 ,   91.79375053, 41.82625796 , 1287.432421
       95.98676268, 2298.958002 ,         86.97621325, 115.4335111 ,     24.52277005, 143573.8572,  113.4459728 ,   92.89297283, 30.0954892  , 1333.21189
       92.5539488 ,  812.127605 ,         94.29757387,  84.23158929,     23.7335132 , 322549.7105,  117.2713623 ,   86.76899864, 32.93502315 , 1301.142241
       94.22453073, 1011.773319 ,        103.4153562 ,  91.23871385,     23.26161256, 439508.6283,   96.19394541,  122.3836921 , -31.02752408, 1362.026254
       92.29019491, 1612.212569 ,        102.2586389 , 101.1440646 ,     23.25295513, 413856.5505,   84.64341218,  112.8149832 , 32.57947058 , 1288.548444
       92.00783903, 2462.94561  ,         97.32465698, 109.2366241 ,     23.80320689, 212048.8301,   94.25122599,  106.546381  , 21.08956038 , 1319.252243
       98.58620338, 1533.219658 ,         88.49319572,  98.69090653,     23.96002363, 347505.1435,   90.83003742,  135.8620203 , -9.851794849, 1358.197494
      108.9560088 , 1648.641174 ,         94.5612404 ,  83.60531608,     23.95978428, 288356.954 ,  107.6000193 ,   99.51480595, 13.67763709 , 1341.184198
      100.5612055 , 2279.616359 ,         96.60166925, 106.2962814 ,     23.19658313, 242131.9203,   90.95445357,  124.515917  , -18.13932773, 1387.165453
      102.4942576 ,  952.4418054,         91.60374265,  92.29726044,     24.12765502, 188780.4686,   91.87271306,  126.288505  , 26.74476322 , 1333.793195
       92.86588111,  823.5902166,         88.42555052, 112.2416045 ,     23.96551687, 231654.133 ,  115.4738394 ,  129.3836235 , 27.67980707 , 1318.502749
      103.6344744 , 1879.09634  ,         91.80687962, 101.2546688 ,     23.27893903, 402872.6684,  108.893425  ,  117.394297  , 68.3886463  , 1277.64744
      107.9867318 , 1230.859523 ,        100.9314202 ,  89.97943993,     24.37667769, 385138.8349,  115.3943226 ,  120.587452  , 58.34480348 , 1301.858346
      102.2189167 , 1406.374069 ,        104.6988975 ,  79.30194362,     24.06806987, 235981.8464,   88.97464139,  117.0550948 , -6.201874651, 1381.653278
       94.17954662, 2223.726204 ,         93.35216839,  99.62325928,     23.55241978, 492518.3959,   98.9168254 ,  132.2976337 , 41.45654844 , 1311.069736
      109.8967337 , 1142.423639 ,         98.92492169,  71.26820183,     24.73682002, 393790.9745,   82.79710281,   92.83729349, 57.1491247  , 1283.468258
      105.5329048 , 1128.283921 ,        100.7359377 ,  79.93473883,     23.95535656, 398025.5155,   83.0277466 ,  112.9165141 , 16.24157312 , 1313.901107
      107.4123626 , 1330.663183 ,        103.5580264 ,  96.69792669,     24.78139439, 202711.4303,  115.0268183 ,   89.48349875, 47.51480388 , 1273.581091
       91.84241388,  863.0937428,         97.44616776,  85.56648565,     24.31058302, 454980.2684,  112.2150716 ,  107.2837056 , 87.56733696 , 1275.758057
       95.55953007, 1569.163369 ,         90.47907644,  79.46863896,     24.57492937, 403472.0902,   80.5706391 ,  114.4298887 , 58.33899521 , 1303.220575
      104.0433441 , 2418.242775 ,         92.22084602,  83.17281097,     24.40524723, 461265.8682,  119.2633348 ,   82.23866042, 21.52046035 , 1340.02681
       94.03342019, 2291.803947 ,         99.05064105,  90.17586685,     24.18245089, 382175.3271,  117.692086  ,   90.67558459, 50.90676174 , 1296.520049
      108.8048321 , 1540.793718 ,         92.01622215,  81.77782525,     24.69558661, 169744.6121,  115.7671359 ,   83.90404063, 17.94184262 , 1360.196852
       90.40589532,  709.7154295,         93.40485807, 106.8657912 ,     23.76852259, 190545.3556,  112.850953  ,  121.5766787 , 1.968328692 , 1338.349301
       91.12697485, 1609.294193 ,        104.7186333 , 101.970036  ,     24.79268567, 474961.9849,   80.15653198,  127.6501344 , -1.895528052, 1371.000913
       92.70357725,  793.8708756,         90.02859766,  94.25432867,     23.08130664, 279647.4527,  109.6099726 ,  100.1842752 , 120.6807041 , 1228.544438
      103.7852259 , 2275.280602 ,        104.6824828 , 116.4320469 ,     24.10568461, 319259.9452,  100.6054292 ,  124.8582067 , 2.033085268 , 1335.799899
       90.01641402, 1898.700524 ,         92.27735101,  78.10952912,     23.6655748 , 424839.4788,   94.77098737,   98.4991952 , 87.29623142 , 1274.554375
      100.853462  , 1272.157202 ,         90.14610745, 116.5826704 ,     23.1590714 , 401831.9213,  100.2797479 ,  121.0472139 , 44.71613095 , 1313.476591
       95.56195929, 1641.221011 ,         92.0183692 , 106.2722171 ,     23.67891569, 156579.212 ,   81.53245099,  104.5098462 , -1.818978436, 1358.958434
      108.0189664 , 1864.889741 ,         99.95769389,  93.82792158,     23.20994776, 112076.0167,   97.19328364,   96.63964398, 27.19422985 , 1324.431339
      108.3224083 ,  895.5689024,         98.58258964,  91.43819977,     23.18113173, 268442.8431,  115.7987635 ,  102.040204  , -29.45232329, 1378.694462
       94.43663163, 2218.9685   ,         86.29881193, 111.3632031 ,     24.02733273, 291547.7207,   84.32472013,  110.4540149 , 16.02425859 , 1381.743181
      101.4048628 , 1889.642421 ,        102.2392824 ,  91.03971238,     23.37183795, 250092.9537,  106.8789539 ,  111.3449927 , 34.31627026 , 1339.368863
       97.83621913, 2134.097161 ,        102.014745  ,  89.93233938,     24.73637645, 180839.2095,   82.86189667,  123.2440052 , -14.7471616 , 1379.2037
      100.6773043 , 2182.745343 ,         97.08155417,  93.95751145,     24.56695643, 416295.2692,  105.6853662 ,  120.9143009 , 41.02004993 , 1311.215933
      102.8272474 , 2407.459964 ,         96.70095003, 106.9467898 ,     23.24592195, 204760.0064,   95.00552493,   91.92071601, 89.9359529  , 1280.207191
      100.8875809 , 2009.91177  ,         94.45859736, 103.8175451 ,     24.72147665, 467615.5164,   97.16011006,   96.95199504, -21.02011696, 1381.380013
       92.86182948, 1360.085677 ,         98.0873153 ,  91.8684081 ,     24.87767215, 359201.8419,   98.44398028,  107.5908825 , -7.799259194, 1358.323354
      108.4936469 , 1254.914526 ,         91.32816028, 115.8785541 ,     23.83444653, 390979.7272,   94.11180971,  125.9308986 , 67.91401047 , 1276.014703
       93.3160195 , 1759.787307 ,         86.95352956, 118.9762844 ,     23.03006329, 238393.8224,  113.1741147 ,   81.24398873, 93.39283947 , 1254.988814
       94.39366754, 1594.974351 ,        101.5398661 , 114.6256493 ,     23.92033409, 402942.1761,  119.7982119 ,   93.01069531, 15.20551133 , 1271.385974
       97.43419932, 1124.184602 ,         87.25275353,  90.10866955,     23.69167937, 478488.9291,   95.65099831,  120.1185151 , 51.96056648 , 1302.25145
      103.1637921 , 1321.816504 ,         98.87635861,  75.37505542,     24.32094824, 210825.2854,   81.3216173 ,   85.84566775, 40.36180275 , 1299.868676
       91.02050342, 2327.087539 ,         99.01475683, 107.9010306 ,     23.73471955, 384502.7161,  114.1744017 ,  138.6743005 , 11.10301294 , 1370.750387
      107.7580063 , 2132.977854 ,         89.151009  ,  84.61042519,     24.20652848, 458418.7137,  118.64426   ,  132.1667406 , 19.81921875 , 1330.567663
      103.0447801 ,  908.6770112,         92.37503218, 105.8033262 ,     23.06804306, 130271.5908,   80.9833444 ,  110.4408806 , 54.00331482 , 1272.217417
      109.2624201 , 2456.657251 ,         98.44779344,  98.67762894,     24.43649815, 117804.388 ,  105.620788  ,  130.5086525 , 78.84143228 , 1270.160965
      100.7186565 ,  895.3586978,        101.1916305 ,  82.049616  ,     24.67199096, 118469.4861,   86.92120472,  107.4306374 , 71.86541639 , 1257.212162
      101.5153718 , 1319.236891 ,        103.8128335 ,  91.63623004,     24.02162692, 193210.2204,  103.6267169 ,  139.4687949 , -12.48036568, 1371.948514
       95.23006132, 2118.616016 ,         87.29798911,  95.34933241,     23.20133099, 201252.0982,  103.9779166 ,  137.4479849 , 98.7797277  , 1257.03922
       96.17799561, 1127.474384 ,        100.0653096 ,  95.51227173,     23.00139957, 140769.9013,   87.23198619,   81.14970024, 32.01758981 , 1337.139203
       93.33000158, 1946.64675  ,         91.82127662,  76.47214678,     23.38979072, 475757.5761,   96.42501001,   96.49289443, 15.59656103 , 1318.585803
       96.44160784, 2079.491059 ,         94.60993374, 100.7976254 ,     24.90011486, 390728.5963,  113.1894984 ,  107.5299999 , 56.46911065 , 1294.211051
       92.38983276,  637.513652 ,         88.68147638, 107.5433284 ,     23.84860538, 446404.1308,   95.49360557,   82.95514763, 71.52768034 , 1251.171884
      106.7749972 , 2427.427038 ,         93.01232548,  71.5429581 ,     23.19874232, 362653.9915,  105.9384039 ,   93.03049709, 57.12850528 , 1306.90139
      109.7387788 ,  698.4763359,         87.9250643 ,  76.86242507,     24.95656828, 482530.0814,  113.6536536 ,   89.68364609, 26.93497866 , 1333.442445
      106.2158955 ,  965.8316718,         94.21081456, 119.7182926 ,     24.79164369, 462079.9949,  111.0980189 ,   95.3007602 , 13.98793637 , 1345.928164
      108.2517127 , 2263.658733 ,         87.13181313,  91.34454941,     23.50937951, 325374.0483,  102.1226567 ,   98.79594427, 17.6206897  , 1332.411691
       95.7526481 ,  622.0368605,         87.97364494,  94.93445281,     23.83965815, 424846.0562,  103.879218  ,   85.63891145, 35.50170026 , 1322.793758
      101.8006222 ,  999.4649445,        103.7197503 ,  95.0046714 ,     24.47720181, 174528.6876,  103.5389428 ,  129.4941421 , -54.44733876, 1436.534121
       91.79278234,  984.1335962,         95.06788147,  92.08252697,     24.13565188, 281776.52  ,   95.98121782,   99.25914845, -0.340010027, 1344.638125
       98.2592122 , 1104.684128 ,         98.16158201,  84.14874677,     23.26861474, 453696.4978,   84.23395407,  126.1980062 , 39.84333436 , 1312.929569
      103.5107792 ,  841.5798913,         91.39058217, 106.4418473 ,     23.48272893, 117335.5642,  106.7592761 ,   85.77996462, -17.91093041, 1346.188404
      101.7575321 ,  996.0551432,        101.3967838 ,  74.65158942,     24.19245273, 109372.1116,   92.52778853,  117.1487195 , 35.30323814 , 1297.331543
      106.3517944 , 2185.524257 ,         99.58411325,  85.15461223,     23.00733382, 324637.1998,  108.8542429 ,  115.8420681 , 13.67926021 , 1338.277006
       96.68278385,  656.6027944,        100.1247041 , 108.7740035 ,     24.08135862, 153037.9677,   84.70283538,  109.9196872 , 89.34800492 , 1282.730666
       98.54641464, 1801.918177 ,        102.1550776 ,  79.46386291,     24.51083246, 399299.0095,  119.9422009 ,  131.4716134 , 60.02904504 , 1284.845339
      108.5987052 , 2282.071647 ,         85.24306455,  82.44703547,     23.25521617, 354272.5638,   82.05435572,  102.9592055 , 13.00610379 , 1332.275566
      106.4638408 , 1843.334263 ,         85.15486134, 111.8072133 ,     24.345278  , 332405.5764,  104.2319872 ,  121.0979019 , 47.06311606 , 1294.799179
      109.9060946 , 2438.374375 ,         86.77348326, 103.3496522 ,     24.70317904, 144353.1091,   86.81454626,  110.0043787 , 18.37525843 , 1320.929608
      102.6803532 , 1347.376078 ,        102.993523  ,  82.351921  ,     24.86357871, 359549.2436,   98.35101873,  123.8902445 , 12.90884965 , 1342.99058
      106.9327013 , 1780.882276 ,        103.2058601 ,  71.28861865,     24.32073395, 118271.7176,   98.52909546,   80.89849353, 48.76784074 , 1271.287006
      103.6845149 , 1272.475849 ,         96.46602959, 112.9980173 ,     23.96721613, 298076.0437,  100.8723067 ,  134.9488062 , -19.29122197, 1394.910014
       90.8085641 , 2180.678875 ,        101.0160882 , 109.5668931 ,     23.37321456, 435184.5767,   87.67681208,  124.71911   , -20.11158609, 1356.80314
       91.09292587, 2218.758461 ,         89.62777253,  76.05259906,     24.22479121, 458232.7296,  106.3786303 ,  108.3649615 , 33.93233442 , 1330.505735
      101.1265514 ,  789.7862985,         93.35765671,  95.27678711,     23.20606839, 446601.5531,  112.6671275 ,  128.006713  , 19.54474229 , 1305.055286
      106.4515417 , 2241.554177 ,         93.35747051,  76.80242355,     23.00983715, 463318.5247,  100.4439946 ,  111.1917332 , -7.782362486, 1371.159165
       90.46407116, 1079.695429 ,         99.97075211, 101.5913785 ,     23.42824819, 359443.2049,  106.1457269 ,   98.43307429, 42.31121001 , 1321.127682
      106.1542294 ,  557.1647044,        103.2470992 ,  92.7471683 ,     24.62462905, 177411.1326,  102.2576463 ,   86.47407442, -0.128343886, 1357.812385
       95.31284998, 1993.496843 ,         88.17646925,  78.21349936,     24.00522865, 230986.7941,   82.94817089,  116.3769167 , 29.32326193 , 1300.788168
       94.90317825, 1884.259593 ,         96.10481758,  87.32256998,     23.43781114, 267857.4834,   95.95714608,  122.783596  , 22.53987729 , 1332.451087
       93.92307195,  768.7968567,         86.45709337,  78.24227946,     23.59454493, 398384.2834,   97.81093703,   98.09617389, 36.91480248 , 1289.424074
       99.33925257, 2344.31132  ,         93.92149552,  92.8290809 ,     23.66538896, 431565.296 ,   84.12997173,   97.06399551, 21.20516237 , 1323.739573
      108.2792263 , 2100.165861 ,         90.06405041,  78.86586215,     24.17537314, 468657.1041,   83.09728048,   99.02683339, -5.207428502, 1375.795691
      105.4139124 , 1778.369755 ,         95.3223931 ,  96.31603314,     24.10255243, 160285.8854,  117.8543971 ,  104.1366174 , 29.82627679 , 1336.107762
       90.42340889,  791.2865668,         91.07036093,  90.28669545,     23.01971428, 307877.0421,   93.8665342 ,   95.9354299 , 27.96484522 , 1322.338814
       95.09710002, 1522.661948 ,         92.95022785,  81.39137833,     24.19870641, 462612.1218,   95.68560586,  126.5642691 , -12.39296051, 1342.896829
       94.76752539, 2273.713181 ,         99.93605263,  76.69398835,     23.92904235, 342728.41  ,   87.28357988,   91.66416759, 35.4061643  , 1327.50559
       94.27322919, 2337.429143 ,         87.27496407, 100.9014647 ,     23.9212809 , 203396.4646,  108.9270638 ,  130.1037844 , -18.92473357, 1369.312358
       94.45860526, 1292.96527  ,         99.26335666,  79.58694526,     24.15053187, 173463.1462,   99.09207833,  130.5627095 , 38.53828644 , 1265.055402
      104.2665087 ,  877.6786042,        101.4156296 , 106.3753303 ,     24.46766884, 356388.5435,  109.4845428 ,  120.8682051 , 20.34982024 , 1345.302776
       97.50495737,  699.6823083,         86.40315501,  90.9774566 ,     24.14699163, 185955.958 ,   85.94627648,  102.3522149 , 36.58186629 , 1312.933477
       91.37963154, 1655.909409 ,         98.32844301, 114.8306109 ,     23.42088691, 465512.4676,   99.86020306,   87.66924883, 27.86770843 , 1346.181317
       92.56092579, 1451.20666  ,        102.4352708 , 117.3557778 ,     23.03115747, 443699.3465,  110.5115066 ,   82.37474289, 38.64606559 , 1289.448524
       96.9795212 , 1934.785573 ,         99.33494171,  76.22571838,     23.50959788, 302983.5048,   93.54946893,  112.2888494 , 38.14802591 , 1248.317898
      106.0297037 , 1649.822522 ,         91.41508149,  75.01890076,     24.84421445, 345642.9576,   95.25760398,  111.0309772 , 76.89248175 , 1278.689195
       93.55574515, 1737.837309 ,         92.40477751,  91.06146979,     23.69239324, 429109.8601,   98.05889809,  105.809233  , 9.782554129 , 1346.048719
      100.9948104 , 2391.146494 ,         85.38412738, 114.862767  ,     23.71952758, 224893.765 ,  102.5641228 ,  124.4233636 , 27.21489638 , 1288.971671
      104.7835518 , 1522.244094 ,         97.68031993,  99.57627104,     24.31660744, 485734.9339,   95.68785698,  105.5964472 , -5.399123992, 1335.829133
       98.55935714, 1313.914564 ,         99.56009975,  93.01798097,     23.40776734, 246685.1049,   82.06424648,  119.6466173 , 28.27377726 , 1376.830578
      108.9851117 , 1852.681277 ,         99.10480606,  76.81369185,     24.36100906, 487222.5996,   98.28087292,   96.40244324, 4.200474398 , 1339.687313
       93.37449931, 2389.195202 ,         91.14452454,  93.89141623,     23.25679376, 144915.447 ,   80.40308852,   94.378827  , -8.211854337, 1372.831034
       96.7404243 , 1674.300966 ,         93.99096202,  83.2637201 ,     24.12728996, 108914.9498,   90.98711062,  134.7366842 , 8.564936556 , 1328.421867
      106.1784044 , 1883.110861 ,        102.9260266 ,  79.12877695,     24.06290753, 379406.4671,  105.3658968 ,  129.0248269 , 8.434111572 , 1299.759831
       95.24518005, 2213.43647  ,         94.78489276, 116.228242  ,     24.62335363, 358802.0791,  113.8655805 ,  119.803619  , -18.66304904, 1365.257884
       99.90845365, 1059.843953 ,         86.65122131, 110.2485912 ,     23.95657235, 124165.2838,   82.46355576,   96.43010264, 40.11012983 , 1304.577779
       95.28043172, 1233.8555   ,         94.94016866,  72.48185748,     24.42820238, 275101.3504,  109.3562162 ,  110.0078123 , 23.6067892  , 1318.395646
      106.227969  , 1235.2077   ,         90.53417378,  94.71189669,     23.46847859, 193249.6035,   94.4061137 ,  129.1261298 , 2.064622462 , 1345.642561
       95.05063597, 1125.530137 ,         97.92484106,  73.18039575,     24.52291819, 420142.4656,  119.8894534 ,  106.1238673 , 0.612330757 , 1354.673035
      102.493819  ,  875.0910662,         90.42819621,  84.73000218,     23.86945838, 481885.0691,  103.3742869 ,  125.8720876 , 29.01863001 , 1317.979031
      108.0217444 , 2222.663253 ,        104.1408006 , 118.491672  ,     23.05526181, 118438.4173,   95.0340658 ,  129.9978883 , 7.234776679 , 1317.4851
      104.4835484 , 2122.350567 ,        100.385131  ,  98.80320905,     24.02630321, 317800.405 ,  113.4104194 ,  107.1145693 , 47.18156228 , 1312.542134
       99.02054132, 1110.659063 ,         89.87981219,  95.75685526,     24.28232163, 391245.2395,   84.03379289,  114.9505879 , -24.38702211, 1335.399587
      105.7312258 ,  729.9787453,         90.98847149, 117.571632  ,     24.60653379, 327511.967 ,   89.17105132,  124.3827709 , 20.90761705 , 1288.085234
       94.5257478 , 2173.171836 ,         93.69761905,  92.91431882,     24.78382574, 235366.2635,  118.0649435 ,   94.64269799, 49.83335187 , 1314.950258
       91.47769628, 2167.464908 ,         97.64512186,  77.18788057,     23.73870112, 493340.6701,   83.96042574,  107.9360014 , 12.43446803 , 1347.705937
       92.89740579,  673.6077777,         87.55818039, 107.5679499 ,     23.76563246, 122641.3252,  119.1488397 ,  134.3834141 , 124.5166017 , 1224.335491
       97.8361054 , 2197.749199 ,         85.34071528,  73.02426185,     23.36519027, 161240.8757,   90.14181279,  126.6238382 , 55.49360984 , 1266.59742
       99.36968807,  994.5830568,        102.6390499 ,  82.41112521,     23.5462084 , 386292.4464,   80.47099735,   87.78720819, 6.745217208 , 1329.096564
      103.6149553 ,  983.1005401,         94.29997377, 103.3817111 ,     23.30187295, 280025.602 ,  115.2866633 ,   85.56210855, 28.55597371 , 1316.189091
       90.87089944,  703.7763157,         92.19336675,  73.99703411,     23.71616302, 289144.5048,  111.1264039 ,  127.866843  , -44.38127423, 1362.463395
       99.71969987, 2437.519687 ,         85.3769447 , 101.2362737 ,     23.48613527, 476473.3036,  113.034685  ,  138.2710748 , 24.62929247 , 1310.590134
       90.68719359, 1702.639391 ,         99.79732654, 112.9741853 ,     24.2651417 , 210079.5224,   85.57835536,   99.37505226, 2.776087467 , 1360.270519
       97.03288449, 1354.354779 ,         89.5910579 ,  93.81634232,     23.01193296, 412901.217 ,  102.912818  ,   80.78263768, 63.82018984 , 1314.725917
      103.8840503 ,  961.4172302,         88.19880884,  76.76379539,     23.41841339, 479602.1938,   88.50719456,   81.78937309, -12.98084962, 1354.592155
      101.855492  , 2068.546733 ,         94.51254894,  88.30347036,     23.11261443, 171969.0747,   84.70150336,   82.19553898, 35.64609063 , 1329.483677
      104.336218  , 1086.892894 ,         89.61884704,  87.87395686,     24.22123656, 174297.6529,   92.56880963,  132.7360785 , 0.240712052 , 1311.478087
       96.50864255, 2486.851172 ,         88.77291508,  75.75951422,     23.04249806, 206966.694 ,   93.56103958,  114.0369395 , 78.84850071 , 1284.340524
      109.0526307 , 1452.240507 ,         93.25995813, 102.7203669 ,     24.30525753, 180593.2265,  100.924496  ,  135.0846507 , 17.59082804 , 1316.330204
      106.7851049 , 1129.765695 ,        101.2295492 ,  78.73340815,     23.19769042, 250307.7505,   95.60138839,  107.6655372 , 102.6930861 , 1253.453826
      106.8262739 ,  910.707808 ,         90.71591948,  90.32085513,     23.43483872, 108445.1565,  105.3325518 ,  119.6862772 , 53.14714526 , 1291.897806
       97.83628169,  731.812068 ,        103.8893443 , 119.5671817 ,     24.60789614, 331724.9281,   95.19104688,   81.28530811, 55.63887361 , 1320.769407
      102.0762763 , 1397.79684  ,         87.18573435,  94.20915037,     24.48815811, 305941.6481,   82.91908778,   93.15322527, 48.52511225 , 1283.986175
       97.44314431, 2349.519704 ,        103.8721089 ,  88.24357286,     24.15883646, 238083.3616,   91.31985828,   88.72822647, 38.62436093 , 1323.927765
       90.68603502, 1496.62246  ,         86.94452345, 112.3000069 ,     24.32947877, 365627.6647,  105.618293  ,  117.5539552 , -18.44351736, 1362.853368
       99.81511031, 1006.790998 ,         92.61737691, 112.3196143 ,     23.52218649, 260041.5838,   83.03793735,   98.04293151, 15.63100047 , 1331.20289
      107.8150445 ,  778.5912737,         94.30900012, 118.9590386 ,     24.4586635 , 316111.2371,   93.61952502,   93.84583745, 59.08539674 , 1287.237525
       95.92149331, 1011.024745 ,         99.14888328, 118.7584957 ,     23.40992192, 497935.2679,   86.51137581,  109.4209473 , 31.29615108 , 1301.790387
      101.9109657 ,  958.4319165,        101.4220874 , 109.2100797 ,     23.89452177, 280214.1719,   89.4488763 ,  126.1592554 , -7.152040362, 1356.870061
       91.16108   , 1147.284861 ,         87.56904758,  82.59476865,     24.05229573, 407857.972 ,   80.52365191,  114.0793725 , 12.69930058 , 1336.047735
       98.50202306, 1147.310507 ,        101.0113686 ,  96.552705  ,     23.72851374, 446526.9733,  116.906728  ,  131.2393417 , 44.78026046 , 1310.044545
       91.15280811, 2387.396066 ,        103.1343365 ,  96.85296849,     23.67750112, 149471.2864,   90.9242299 ,   95.42711609, 94.9146741  , 1256.775429
      100.1932876 , 2451.909093 ,         86.84477515,  73.39880531,     24.79418229, 321295.8489,  118.537321  ,   90.15541588, 14.6427134  , 1351.317178
       90.09888511, 1679.530672 ,         90.0643312 ,  78.80807667,     24.41055787, 214266.6685,   95.72310983,  137.8310444 , 42.55258251 , 1325.91759
       96.31515198,  612.7625376,        103.7042696 ,  76.95991039,     24.32608351, 388722.4013,   96.20419681,  117.2501481 , 8.127776639 , 1320.859757
      109.3856704 , 2122.905592 ,         90.91249803, 114.8022108 ,     23.57717599, 423766.6213,   86.83040421,  127.8628053 , -31.57023188, 1398.945682
      107.0698753 ,  503.6778963,         95.37007221,  74.24499756,     24.74930704, 154616.3674,  112.5779394 ,   84.47730016, 0.349475878 , 1325.923796
      100.3854734 , 1770.731171 ,         85.02563812, 104.622471  ,     23.41531464, 324777.6758,  100.0774462 ,  107.4739854 , 52.24837076 , 1309.508747
       91.17566893, 1185.731419 ,         85.20453847,  96.25622241,     24.14441595, 141833.0086,  118.9631454 ,  127.8687533 , 22.64996964 , 1339.744806
      104.7739277 , 1524.480497 ,        100.5194245 , 100.2806786 ,     24.9407238 , 174686.2947,  109.5675238 ,  100.938989  , 26.71187942 , 1285.061783
      105.8092634 , 1484.12519  ,        103.0618769 ,  70.53554522,     24.59082448, 197582.3071,  104.2875452 ,   88.99444122, 15.80291097 , 1336.056674
      108.6176404 , 2192.544685 ,         98.81144784, 104.5175422 ,     24.50541016, 444329.3535,  110.6644142 ,   98.23648974, 81.01791239 , 1259.612165
      103.328877  , 1389.099087 ,         86.34201802, 100.3060817 ,     23.5215127 , 363414.6098,  110.6145781 ,   86.23468306, 61.55337688 , 1273.271318
      107.8214049 ,  907.0078789,        104.8681276 , 116.6630521 ,     23.63651491, 142448.6885,  103.2859537 ,  126.5755337 , 101.2141634 , 1275.802883
       90.06575596, 1564.746782 ,        101.8695953 ,  81.68457181,     23.74090837, 443842.8937,   81.33995918,  105.4857837 , 15.07115709 , 1321.85526
       98.17541178, 1041.893472 ,         95.35977401,  75.66725566,     23.11169699, 465411.1513,   80.99081916,  129.4588874 , 26.59224788 , 1307.280214
      105.7744289 , 1100.268204 ,        101.6167771 ,  79.70260194,     24.27217143, 290495.5024,  107.2695583 ,   97.76808419, 2.28634666  , 1349.227552
       95.27860652, 2113.659814 ,         96.15689781,  72.1486641 ,     23.99431853, 260337.1047,   88.28403662,  109.2957712 , 66.44520736 , 1297.266588
       95.41353227, 1756.517923 ,         96.82073505, 101.3077112 ,     24.70254708, 104772.7138,  108.3276489 ,  130.0142815 , -0.335233067, 1347.502261
       91.95883365, 2267.21105  ,         90.18955115, 110.3781967 ,     23.09015014, 404944.3984,  105.224227  ,   81.28505196, 33.47497705 , 1339.852434
      102.9257905 ,  953.2063448,         88.16435203,  90.16700788,     23.8462818 , 225828.5915,  100.8172879 ,   85.66459202, -22.32636582, 1382.945879
       90.13556294,  530.3277074,         90.3491465 , 104.4381936 ,     24.03053076, 165051.8824,  100.1057605 ,  128.1156902 , -30.40418361, 1336.839957
      104.8659289 , 2212.467012 ,         97.6009966 ,  87.6972131 ,     24.77009757, 116146.8107,   89.5740633 ,  109.2746676 , 10.98508055 , 1328.42558
       91.19239544, 1396.30585  ,         92.97314891,  73.0843559 ,     23.74295926, 449636.3978,   93.09904107,  101.3174407 , -21.5507891 , 1360.313947
       98.60185938, 1542.523724 ,         92.41942448, 113.0254254 ,     24.9458324 , 403043.4901,   91.76314732,  108.9230401 , 12.86173239 , 1346.725487
      109.4767726 ,  666.8554201,        100.596158  , 103.5551213 ,     23.17352773, 409062.8803,   99.89161049,  138.4225222 , 7.657328362 , 1289.846331
      107.5337304 , 2180.813242 ,         89.03519556, 117.7742439 ,     24.42741088, 478817.7173,   98.97183395,  122.5474821 , 29.56747767 , 1371.412717
       97.79748103,  964.158552 ,        100.3615378 ,  99.32588793,     24.04757148, 194291.2508,  114.7478139 ,  125.7143795 , -7.966455727, 1368.586978
       94.9170479 ,  945.9543539,         92.7449509 ,  87.80646208,     24.39405303, 300053.5982,  106.1287246 ,   98.63176353, 45.28831004 , 1307.689226
      103.8346239 ,  944.2426461,        103.245958  , 110.2629958 ,     24.4298594 , 465137.3582,   83.53770793,  125.0968715 , 54.36308177 , 1319.268273
      106.1661553 , 2333.84779  ,         91.88283986, 117.6803256 ,     24.70880149, 239771.1807,   91.40962308,  100.9714708 , -7.778870538, 1404.651952
      102.9623025 , 1090.082507 ,         86.8603108 , 109.3899878 ,     23.6894451 , 292933.18  ,   95.62281896,   90.30746921, -2.767036693, 1370.18197
       98.16625665, 2192.268712 ,         97.97676058,  82.07825905,     23.70840841, 392176.4439,  100.0168186 ,  126.4920905 , 24.04888975 , 1344.927372
      100.7736303 , 2076.409008 ,         85.92532878,  79.583976  ,     24.64289891, 372527.652 ,  111.2431918 ,  129.7406293 , 62.67335991 , 1289.940441
       98.66526198, 2460.872207 ,         98.97015223,  74.35113516,     24.95863215, 333141.2164,  105.7158855 ,   86.57391845, 28.2893255  , 1318.880159
       92.44010898, 2211.808274 ,         92.19285967,  77.34580856,     24.73676819, 196554.4884,   83.93998905,  121.1111515 , 26.9211522  , 1313.562939
       97.015862  ,  776.0379027,         85.15748903,  83.2568989 ,     23.88765995, 164324.0724,   90.25427696,   92.86790456, 59.67576555 , 1273.801995
      108.8685536 ,  993.9995731,         91.60596222,  99.90368808,     23.21815329, 276136.2226,   87.16522388,  116.144117  , 5.371834514 , 1330.887884
      108.3666098 ,  550.5352439,         95.21320615,  75.3631887 ,     23.34031479, 470130.678 ,  116.7808066 ,  106.7709718 , 65.43007877 , 1257.558802
       99.81436566, 1924.806953 ,         85.61170793, 113.7369692 ,     24.82980894, 316918.5874,   87.438302  ,   98.5105975 , 43.06330059 , 1305.41927
       93.05273553, 2022.612468 ,         88.7324328 , 111.68112   ,     24.75251515, 486327.2986,  111.5540546 ,  107.8204535 , 12.7265671  , 1303.580081
      107.5524226 ,  826.262004 ,        102.9190735 ,  92.23813847,     24.95193703, 382869.4187,   87.41353503,  111.7994685 , -4.338759213, 1358.15709
       98.4609307 , 1853.112077 ,         98.383805  , 111.826954  ,     23.47320534, 410157.2135,   81.6351163 ,  138.2358155 , -19.23782495, 1368.511213
       92.38650011, 1379.605933 ,         91.30706206, 103.3369945 ,     23.99490212, 290308.4537,  118.7479495 ,  108.3041677 , 52.94278696 , 1299.995919
       91.21208635, 1513.511209 ,         87.75944634,  70.49310662,     23.2154495 , 156747.492 ,   91.23024186,  113.9491625 , 47.97791567 , 1291.579453
      109.3400274 , 1006.342094 ,         87.76030107,  95.12125883,     23.8334878 , 324561.089 ,   82.79452764,   86.57846392, 23.88823042 , 1387.648977
       95.96018967,  931.6221535,         97.1218803 ,  79.83703314,     23.50751358, 147672.0419,   81.84264046,  110.6284963 , 54.568369   , 1322.633949
       90.16147659, 1201.98109  ,         92.53494615, 102.9620518 ,     24.96309495, 333394.8865,  109.0784189 ,  118.7547491 , -35.73890055, 1360.848051
      100.7788073 , 1914.468732 ,        102.1884489 ,  73.6884191 ,     24.9288455 , 132629.1958,   83.60538566,  124.5518017 , -1.910863151, 1356.568225
      109.1104312 , 1348.315947 ,         99.03999782, 106.4787072 ,     24.97025218, 319169.3572,   95.5445651 ,  102.6030616 , 42.35266641 , 1295.487211
      102.0991637 , 2142.227357 ,        104.1268155 ,  88.66660808,     24.9199542 , 214728.7633,  118.0945552 ,   93.83651947, -26.12322871, 1355.833634
      102.5287696 , 1052.685761 ,         97.46865089,  84.86400254,     24.08453283, 452901.5101,  117.5848515 ,   85.61488181, -2.544470714, 1325.743029
       97.90357074,  561.643808 ,         90.15819897, 119.3158641 ,     23.90615104, 335936.476 ,   84.66697723,  132.5731119 , 21.56800184 , 1337.076332
       96.823734  , 1559.609014 ,         99.58851983, 107.6872578 ,     24.37161598, 148845.2743,  113.2981075 ,  123.3065069 , 71.222881   , 1265.149514
      102.5928138 , 1133.343819 ,        102.7517291 , 112.2211311 ,     24.79190215, 177862.8554,   99.32422689,  130.2971639 , 35.36706372 , 1333.989457
       91.91414921, 2331.59832  ,         98.18060713,  75.93503724,     24.22919011, 463246.332 ,  109.3784214 ,  139.1619609 , -49.9060697 , 1419.781714
       94.4621948 ,  511.445872 ,         85.71483752,  79.12863565,     24.24185484, 186113.5275,  116.2327857 ,  105.0786936 , -62.79952338, 1440.277811
       95.66647251,  944.4768753,        100.5992734 ,  80.0786497 ,     23.72595686, 294518.6768,   85.93385816,  128.0002651 , 19.39615571 , 1313.556109
       93.25722141,  974.2627462,         86.59098424,  89.95794265,     24.47923342, 412117.9767,   90.38095369,   92.98216805, 42.60906143 , 1316.898251
      102.6467838 , 2328.471958 ,        102.8689444 ,  93.96160951,     23.57105472, 487226.5452,   80.99727315,  102.748531  , -61.72477389, 1424.373858
      100.7509049 , 2180.533982 ,        100.7227872 , 109.8070535 ,     24.23325533, 147561.5481,   96.79539806,  104.766128  , 18.74427734 , 1321.772159
       99.42909607, 1910.959083 ,         93.28245973,  75.97267607,     23.28259908, 474284.693 ,  101.941581  ,  111.4889383 , 46.72446442 , 1287.840096
      104.7487659 , 1413.606044 ,         98.44947824, 109.6182344 ,     23.70898645, 297218.6321,  112.9553898 ,  105.9443064 , 87.91153495 , 1294.278878
       96.71985919, 1443.326735 ,         99.97152141, 111.6337285 ,     24.21842398, 259355.3882,  114.8826359 ,  111.4791125 , 16.91407612 , 1337.635841
      101.3193966 ,  734.2946567,         95.44758074,  88.65229178,     23.89143594, 385273.7736,   91.36397314,   92.37998475, 19.99234065 , 1342.727014
       92.0917497 , 1387.938779 ,         96.35084321,  85.87024297,     23.13904578, 203136.0408,   98.62887074,  115.5209499 , 32.96161855 , 1300.596861
      109.1079288 ,  963.6348491,         86.45044002,  97.91625143,     23.53686965, 434960.5931,   92.01205468,   99.11967507, -34.01334923, 1359.62766
       98.77701556,  900.7143482,         90.70565835, 105.3858845 ,     23.30662445, 430193.7492,  104.8141195 ,  120.5476616 , 68.34460365 , 1270.266401
      105.8740974 , 1506.794759 ,         92.22942067,  83.28935309,     24.23456462, 216254.5305,   99.24871431,  111.971501  , 68.27006441 , 1279.249508
       96.65294638, 1687.478938 ,         95.94801433, 111.1711315 ,     24.08363654, 211707.1386,   95.68117998,  109.6335116 , 48.05077311 , 1280.664827
       96.43953579, 1777.024002 ,         89.39901436, 113.409512  ,     23.44213409, 481670.0852,   98.52972522,   87.2083863 , 149.9896462 , 1199.813458
       97.7866235 , 1263.498448 ,         96.66415743,  82.10216315,     23.86018836, 202709.5144,   91.54704364,  114.7890587 , -64.30017402, 1380.53007
       92.78486806, 2077.858679 ,        101.3107463 , 112.8311328 ,     23.02809132, 246089.4324,  112.1056506 ,   80.30675265, 62.76308846 , 1264.835963
      103.8005828 , 1385.136871 ,         86.86565806, 115.4477941 ,     24.97651608, 279211.5958,   83.58552666,   91.56223313, 7.27600082  , 1356.142224
       91.45185153,  768.9843039,         98.73351712, 119.017217  ,     24.37145853, 491584.8338,   86.48438153,  101.4995637 , 36.27006744 , 1325.805743
       98.97932115,  886.7360865,         93.3076709 ,  88.28615754,     24.01888956, 122222.1893,   96.36181577,  104.5802005 , 7.364171039 , 1334.798294
      105.7250013 , 2496.563571 ,         96.52634086,  99.22876771,     24.98565644, 282333.3519,   84.63677216,  109.7906918 , 8.263037619 , 1321.381676
      106.2939397 , 1311.888598 ,         92.33358676,  79.40194676,     24.60439331, 461288.3264,  118.2275515 ,   98.91457048, -7.200845913, 1336.652775
      107.6609365 , 2102.042117 ,         92.06926433,  85.63610443,     24.82300236, 405469.9458,  112.6469341 ,  135.9459303 , 48.66810372 , 1293.866531
       95.20429689, 2216.144836 ,        101.2428005 ,  90.53813554,     24.91482703, 244595.7252,  111.9809501 ,  117.9224716 , -40.70886256, 1403.599232
      103.7958651 , 1087.038721 ,        100.8764504 ,  77.51814858,     24.95445983, 146791.4639,  110.878764  ,  125.9480386 , 50.00203412 , 1318.56288
      106.4222583 , 1552.683654 ,         89.88323792,  84.07805936,     24.8844188 , 483455.3764,   91.1240306 ,  107.1358565 , -2.361204508, 1342.43057
       93.10010117, 2261.186518 ,         88.91811093, 118.0559291 ,     23.48593051, 295215.048 ,  103.2204103 ,   93.92465547, 14.1333681  , 1312.796783
       95.44271568, 1996.143281 ,        100.6573137 , 116.8452632 ,     24.01460573, 346577.7969,  111.1718249 ,  118.5968736 , 14.42494035 , 1340.931932
       91.4385391 , 1151.724825 ,         89.40919395, 109.3678402 ,     23.82173529, 439079.8231,   93.76073796,  100.9287881 , 74.9578871  , 1258.571414
       95.49356413, 1996.733162 ,         85.00451751,  85.93912814,     24.53737739, 492963.2106,   91.37195474,  134.5102556 , 13.78150972 , 1325.853438
      106.8843441 ,  715.7964011,        100.3464837 ,  92.06583718,     23.2697691 , 304184.53  ,  113.8616975 ,   80.54152746, 4.29853609  , 1372.206986
      109.495154  ,  526.7256676,         95.89138415,  78.94213518,     23.04468826, 487585.9129,   93.75049581,  128.7144535 , -21.27768491, 1387.819994
      103.8373954 , 2163.215013 ,         96.33945121,  76.42402038,     23.01442562, 359795.4685,   98.21548918,  101.1372832 , 83.26812035 , 1269.891366
      108.6607076 ,  878.1553222,         87.38064175,  87.80031333,     24.59023864, 480119.8051,  105.3068373 ,   86.38159511, 66.35075299 , 1258.210867
       91.63747758, 1601.2129   ,         99.86648893,  81.29480118,     24.28191054, 407166.2756,  116.4292484 ,  111.5729646 , 83.67518596 , 1270.552745
       95.0026713 , 2199.66697  ,        100.4659735 , 103.7543278 ,     23.69890651, 374667.4671,  105.8034063 ,   80.37012977, 33.90968617 , 1337.34346
      102.8668942 , 1055.748548 ,         94.36362938,  90.40794418,     24.42177625, 296976.1859,   93.51269256,  102.742873  , 45.2831108  , 1297.204216
       96.53098517,  758.5193435,         95.11580522, 110.0007804 ,     23.72267727, 326673.8295,  103.7811212 ,  109.0951328 , 38.7778821  , 1338.2444
      101.4331033 , 1468.761758 ,         90.47231858,  87.78821763,     23.23634594, 105333.4482,  117.4897209 ,  115.0376635 , 79.57988704 , 1296.275019
       99.19617272, 2254.089792 ,         87.73604527, 106.6718936 ,     23.21325231, 165677.2047,   80.4053734 ,   81.83484651, 23.87993881 , 1359.394718
       97.62054736, 2050.354393 ,        100.4792161 , 111.4008791 ,     23.37028844, 285988.1189,  118.805774  ,   84.02339703, 47.35308131 , 1308.751781
      106.7708076 , 1644.358559 ,        101.8576725 ,  84.78231479,     24.27351375, 422817.3664,  108.5296218 ,  112.1308019 , 25.69567768 , 1336.052156
      105.2895912 , 1522.236917 ,         96.87211635,  79.66304612,     24.09161883, 294380.012 ,   85.36318437,  124.2977861 , 31.24978916 , 1347.033957
      106.8607308 , 2363.613244 ,        103.7414319 ,  72.06514576,     23.92392611, 474113.3538,  104.0381572 ,   99.56046198, 31.49486611 , 1327.453013
      100.5816169 , 1999.757063 ,        101.4916612 ,  76.5513568 ,     24.03889314, 424838.8462,   89.12198246,  102.396336  , 29.35163042 , 1310.623687
       92.99422669, 1790.305369 ,        104.7922442 ,  97.78195413,     24.24337676, 393557.4947,   84.26230957,   88.9724297 , 30.0797612  , 1310.949382
       92.58487648,  884.3845689,         97.28173166,  76.87177816,     24.20300899, 436445.2509,  106.5864933 ,   84.74066864, 25.39246228 , 1329.378637
      102.8485493 ,  747.9488175,         90.57544041, 114.2983829 ,     24.37924554, 344949.7062,   90.52543449,  135.5375241 , 77.12083533 , 1247.067936
       97.52893355, 1676.376986 ,         99.93923251, 114.6858772 ,     24.99961075, 190307.0197,  109.8760648 ,   97.80343625, 19.08764633 , 1328.047175
       97.77576593, 1487.001338 ,         90.45969515,  99.94914522,     24.18485529, 164380.8059,   89.55077589,  111.9186278 , 40.56565507 , 1331.365287
       90.58865622, 2296.260997 ,         86.8010272 , 119.1165982 ,     23.52860213, 198658.6531,  111.6019736 ,   82.62022506, -9.240670529, 1315.415594
      102.6482394 , 1272.710496 ,         99.9998    ,  84.28414059,     23.35606976, 366988.853 ,   90.41493909,   91.81681653, -11.26459685, 1391.954239
       96.30005607, 2198.356027 ,         93.71132884, 116.0099482 ,     23.74337472, 393223.605 ,  117.4233898 ,  106.7820727 , 42.85125734 , 1329.596227
      109.9018419 , 2004.401816 ,        103.4834117 , 119.9147314 ,     23.33634212, 120055.788 ,  101.7771787 ,  107.8380422 , 30.68528501 , 1310.119423
      100.0723741 ,  549.1966229,         98.90938729,  84.65434539,     23.77017438, 438862.3527,   87.30436852,   95.33721467, 75.48690673 , 1285.38091
      108.6414959 , 2347.536962 ,        104.5280684 ,  94.11670063,     23.99772191, 270035.0784,   89.60820409,  134.3810378 , -0.222269614, 1350.285224
       95.15189139, 2201.347283 ,         95.37834687, 105.7507806 ,     24.08581918, 155133.7751,   95.22142895,  125.6193707 , 24.54073087 , 1350.059077
      108.8658917 , 1656.360013 ,         87.18283795, 108.1724073 ,     24.55005782, 253379.4497,   92.42995525,  139.8192942 , -33.35645454, 1403.010117
       92.22057265, 1589.791576 ,         86.30526875, 118.8765597 ,     23.65455628, 124607.1675,  112.7422417 ,  108.3455616 , 24.95278189 , 1297.045804
       96.86356224,  816.7217248,        103.9919027 ,  95.37661367,     24.35354159, 392512.249 ,   87.41124668,   88.703408  , 40.20016166 , 1321.545087
      102.2148758 ,  541.2509775,        100.0443284 ,  73.62597806,     23.46277209, 306633.2222,  100.2053575 ,  119.7639618 , 8.33817393  , 1337.549269
       97.22391999, 2000.397039 ,         99.28502877,  93.51418869,     24.9478584 , 319856.7005,   89.09398125,   89.39337392, 39.3999606  , 1312.256691
      103.453804  , 2394.5913   ,         85.46649608,  76.72916542,     24.71777818, 392738.8724,   80.86554973,  104.3898988 , 21.86478394 , 1313.571778
       97.93115464, 1832.973141 ,         91.64320514,  72.81372912,     23.57071027, 181955.8031,   99.07056101,  111.2452278 , 31.09558417 , 1353.867157
      102.554879  , 1917.318744 ,         87.83043192, 100.9866629 ,     23.24704874, 352998.989 ,  119.5490624 ,   98.6898545 , -13.46262207, 1384.263859
       98.67175387, 2091.486444 ,         97.59177438,  71.16004474,     23.25232397, 350000.802 ,  119.122401  ,  108.3314005 , 12.59219682 , 1322.61238
      104.4107347 ,  763.8055968,         97.16656362, 112.5025666 ,     24.86587477, 395476.631 ,  112.566194  ,   96.74771242, -71.32165194, 1394.62944
      109.3899575 ,  573.6996668,         87.07876899,  82.86135484,     24.33277195, 300520.8741,   98.40300746,   90.40057054, 18.8617038  , 1323.424844
      102.9361768 , 1239.187516 ,         98.85429864,  77.78522272,     24.30152705, 223955.0159,   96.07930577,  126.8852807 , -16.67178913, 1375.361842
      105.5656323 , 1146.721011 ,         98.9042294 , 118.4053559 ,     23.35971311, 227286.1108,  118.2084452 ,  117.7443909 , 77.03829074 , 1277.765826
      102.4809492 ,  704.8746396,        103.643886  ,  87.10596631,     24.82867507, 350171.221 ,  116.9978215 ,  111.9359358 , 69.40603541 , 1305.656621
       91.44814896, 1103.527401 ,        103.1276734 , 112.4452974 ,     23.75441789, 233956.2137,   94.45436715,  100.6649373 , 18.46828476 , 1347.33011
       92.9822538 , 1392.813222 ,         90.99361281,  75.40467506,     24.10542309, 361869.9756,   95.49299983,  102.4282224 , 98.44623018 , 1270.94515
       98.82916142, 1480.163132 ,         95.8990895 , 108.1478562 ,     23.55213816, 256253.4597,  116.9421192 ,  112.2488375 , 11.36910088 , 1345.168007
       98.52504995, 1901.536836 ,        100.0759926 , 107.629495  ,     24.83754652, 487137.7664,   99.31200576,  114.7502464 , 44.43363751 , 1277.780388
      104.8067784 , 1796.965291 ,        100.001189  ,  88.4135039 ,     23.46622039, 383256.8635,   87.86195271,  137.7131745 , 72.47762325 , 1273.608406
       96.45608116, 1294.664075 ,         90.22064834,  81.75156715,     24.04132373, 249413.0052,  109.4002072 ,   95.72704774, -9.099958098, 1380.301753
      106.3075038 ,  876.9911416,         85.98209649,  79.05164103,     23.17243778, 164320.5281,  100.4499326 ,   83.38803529, 42.98770743 , 1305.981834
       99.11500505, 2370.670668 ,         93.88406311,  90.41930886,     24.82240285, 433671.425 ,  116.4930459 ,  104.9775606 , -14.00821139, 1374.070019
       90.45303212, 1940.452056 ,         94.45728876,  88.73084561,     23.73625032, 336064.8568,   85.33281565,  124.6765643 , 14.67003816 , 1328.954996
      106.5967321 , 1189.985217 ,         96.18831194, 104.5158042 ,     23.44506648, 399913.2332,  103.6029692 ,  101.8308113 , -22.31854108, 1351.722304
       95.7224758 , 2125.587342 ,         86.3643886 , 112.0650345 ,     23.25376938, 334410.2131,   96.91815306,  106.728677  , -4.911311098, 1352.44443
      105.2483374 , 1149.766051 ,         88.6595273 ,  99.55086279,     23.92223865, 237896.1365,   86.64539803,   90.47013427, -16.17219582, 1372.353145
      107.1347347 , 1415.902573 ,         85.31804037,  80.15366288,     24.7690023 , 197915.6338,   84.45464693,  127.5128701 , 51.77451194 , 1285.111734
      108.1236263 ,  921.6280401,         88.5349663 ,  78.72656179,     24.95005708, 446301.2647,  105.4079699 ,   90.34375469, 20.63317611 , 1324.652599
       97.5350902 , 1794.858595 ,         92.12010291,  77.80004071,     23.26029377, 455686.8401,   99.23212791,  114.5704485 , 49.20047814 , 1282.010257
      105.9891866 , 1704.512385 ,         91.22815453, 108.677858  ,     24.29006893, 323092.6262,   80.88536674,  120.9349913 , 36.33410682 , 1336.050792
       91.31855277, 1710.537869 ,         92.99554046,  81.22746006,     23.20758561, 220264.9038,   87.43936812,   96.76017074, -55.6514793 , 1399.762364
      108.4331231 , 2432.246321 ,         86.24433844,  78.60347593,     23.32713147, 136239.3483,  111.7813468 ,  106.0501557 , 7.365264322 , 1371.689847
       95.28704291,  917.6657985,         89.61940475,  73.07310999,     24.35701927, 368139.0508,   86.21844224,  101.4717863 , -35.94306911, 1416.518026
      100.4548322 , 1615.661765 ,        101.4323985 , 113.8669215 ,     23.87001552, 461582.2053,   91.75664986,   89.89112573, 19.31968896 , 1329.059392
       95.69229912,  754.5379156,         90.69671665,  90.70461508,     23.38637382, 104727.3043,  106.2827676 ,  104.421569  , -29.82711445, 1359.65814
      106.7933803 , 1086.578693 ,         86.65314232, 109.2815594 ,     24.68895214, 244030.8966,  109.917375  ,   83.68879947, 100.2693654 , 1208.012677
       98.98139384, 1997.21346  ,         86.96160969,  97.98853907,     23.39304834, 180391.1676,   84.50806478,   91.92778693, 56.95701844 , 1263.60224
       90.71592233, 1103.533784 ,         89.12779525,  92.9885311 ,     24.08611435, 494397.2107,  118.4945916 ,  116.806458  , 24.06026829 , 1298.463035
      100.0471894 , 2349.382597 ,        103.5319162 ,  86.44639834,     24.33019115, 291207.7472,  113.49039   ,  132.4860691 , 48.29896165 , 1329.270431
      106.8859295 ,  767.0901905,        101.2095852 ,  96.16641063,     23.82661837, 201659.335 ,   85.15194648,  104.8173098 , -24.01558473, 1376.332077
      105.6493376 ,  567.2355623,         86.1667663 , 119.472337  ,     24.5155123 , 283356.0332,  114.4600118 ,  121.6446131 , 56.80132861 , 1300.990762
      105.7526964 , 1998.574696 ,         88.64717211,  93.19786714,     24.86308646, 432920.1772,  118.286403  ,   95.18840018, 34.93899087 , 1270.652589
      105.8081927 , 1393.236494 ,        101.4999655 ,  89.53118317,     24.23258346, 449826.244 ,  115.4209422 ,  104.3301797 , 39.36391059 , 1286.676761
      109.8843251 , 2050.009977 ,        100.5815488 , 107.2669831 ,     24.84857669, 375954.0415,  109.088408  ,  126.7689271 , 55.46427773 , 1312.277318
      107.0966125 , 2214.949409 ,         85.07282445,  71.98305093,     24.35190548, 284447.7591,   89.49430393,   93.82196482, 11.20391536 , 1344.531567
       99.34917229, 1645.502118 ,         93.18686906,  72.62330505,     23.94201651, 275280.2519,   91.21752935,  126.8892516 , 37.69566509 , 1309.360229
       94.42713358,  758.1195375,         92.63513033,  89.86115625,     23.6258966 , 476004.404 ,  102.6808449 ,  105.0186016 , -32.91161405, 1394.208461
       98.92158793, 1055.475333 ,        101.7019216 ,  74.42613795,     24.9827987 , 441595.2382,  102.9263674 ,   95.47352171, -6.351323391, 1389.06728
       98.28860074, 1864.995681 ,         93.00062956,  91.69907544,     24.86546587, 404985.2465,   85.54481292,   91.72673102, 0.540360535 , 1345.03879
      108.0933286 , 2485.348537 ,         99.42633017,  76.07372224,     24.53883857, 432770.9094,  109.3999658 ,   93.8090836 , 11.29655145 , 1340.090845
      104.2223049 ,  845.2165862,         94.19117339,  91.87217978,     24.22915289, 230506.2059,   94.8601966 ,  120.8438885 , -11.18223283, 1365.034171
      108.8399192 , 1306.407309 ,         99.73505539, 101.8934725 ,     24.90836419, 222727.1202,  101.7175231 ,  129.7792328 , 127.4735399 , 1270.368653
       92.86748441, 2044.027463 ,        101.424094  ,  92.57057828,     23.83196728, 218763.3943,   91.30147004,  139.6353335 , 75.25949356 , 1232.753381
       96.04452182, 1290.55206  ,         86.96899527,  99.36142009,     24.53078561, 279723.0113,  100.1631947 ,   99.30187612, 59.07816116 , 1304.586299
      103.0135552 , 1564.967369 ,         86.87150467,  81.94788454,     24.88667467, 180004.7897,  114.1024458 ,  116.7272859 , 28.82993882 , 1318.874016
       94.08077051, 1291.839249 ,        100.0627258 , 115.7571552 ,     24.43687768, 462772.9974,  113.1551083 ,  133.9198683 , -7.044561197, 1368.379996
      105.5561625 , 2318.920175 ,         86.59322463, 111.4882755 ,     23.47007832, 191273.5702,  104.9829742 ,   87.55632998, 27.17459787 , 1309.677951
       95.29335417, 1527.587563 ,        100.1826978 ,  75.53363831,     24.4074749 , 499508.4036,  105.4435154 ,  116.94461   , 18.28980972 , 1330.73089
       90.25366457, 1732.351551 ,         94.669982  , 119.8830398 ,     23.04751152, 315158.4485,   83.71559197,  132.0023749 , 54.96776261 , 1309.260449
       90.35880384, 2297.702372 ,         95.25134891,  79.9662541 ,     23.67734949, 495572.2453,  116.0787339 ,  107.8104778 , 4.731557617 , 1407.526646
       97.897735  , 1699.11054  ,         88.5224111 , 100.9161615 ,     23.60970761, 434474.4649,  103.1528795 ,  103.0173912 , 15.84888173 , 1350.311842
       98.85288769, 2051.294821 ,         87.44363532,  92.05785328,     23.74108647, 269288.7179,  103.4886342 ,   85.17287504, 17.08648907 , 1315.952199
